row,horizon_idx,actual,forecast
0,0,0.397,0.8261548280715942
0,1,0.457,0.864216148853302
0,2,0.721,0.9227188229560852
0,3,0.6458429282067576,1.040997862815857
0,4,0.678,1.2114427089691162
0,5,0.577,1.2759419679641724
0,6,0.582,1.3706269264221191
0,7,0.635,1.4907667636871338
0,8,0.5559651611643908,1.6093039512634277
0,9,0.462,1.7043168544769287
0,10,0.446,1.8206932544708252
0,11,0.455,1.9478578567504883
0,12,0.461,2.0755326747894287
0,13,0.444,2.2066307067871094
0,14,0.472,2.3563079833984375
1,0,0.246,-0.0011615047696977854
1,1,0.306,-0.0011519331019371748
1,2,0.532,-0.0007205617148429155
1,3,1.497,7.32974149286747e-06
1,4,0.51,0.008873661048710346
1,5,0.477,0.008376862853765488
1,6,0.448,0.00795033574104309
1,7,0.49,0.007608331739902496
1,8,0.326,0.007357324473559856
1,9,0.325,0.007435169070959091
1,10,0.317,0.007481006905436516
1,11,0.331,0.007502041757106781
1,12,0.324,0.007505589164793491
1,13,0.321,0.0074983881786465645
1,14,0.335,0.00749549176543951
2,0,-0.246,-0.077884241938591
2,1,-0.306,-0.09720787405967712
2,2,-0.532,-0.12054634839296341
2,3,-1.497,-0.14876990020275116
2,4,-0.51,-0.1412409096956253
2,5,-0.477,-0.15746763348579407
2,6,-0.448,-0.16901130974292755
2,7,-0.5010896722412044,-0.17585480213165283
2,8,-0.282,-0.1796916276216507
2,9,-0.277,-0.18484297394752502
2,10,-0.279,-0.18850314617156982
2,11,-0.286,-0.19114813208580017
2,12,-0.279,-0.19323106110095978
2,13,-0.275,-0.19503788650035858
2,14,-0.274,-0.19640283286571503
3,0,0.151,0.36300069093704224
3,1,0.15,0.36147361993789673
3,2,0.1702453431577929,0.358700692653656
3,3,0.1695419704382579,0.3600127696990967
3,4,0.167,0.3779591917991638
3,5,0.1703855179339145,0.3806579113006592
3,6,0.134,0.3836199641227722
3,7,0.2049231449884825,0.3869386911392212
3,8,0.185,0.3898366093635559
3,9,0.184,0.3914228081703186
3,10,0.166,0.39279812574386597
3,11,0.168,0.3939257264137268
3,12,0.181,0.39477455615997314
3,13,0.169,0.39539849758148193
3,14,0.198,0.39589381217956543
4,0,278.531,332.8647766113281
4,1,508.78,343.1952209472656
4,2,483.711,337.8905334472656
4,3,290.848,308.4658508300781
4,4,509.549,297.677978515625
4,5,277.415,287.71612548828125
4,6,232.015,280.9818420410156
4,7,394.698,272.0596923828125
4,8,328.101,263.7895202636719
4,9,318.295,255.6509552001953
4,10,497.911,248.080322265625
4,11,460.795,240.91189575195312
4,12,576.36,234.1838836669922
4,13,359.963,227.83851623535156
4,14,432.969,221.86447143554688
5,0,79.13639386956972,167.75071716308594
5,1,77.987,154.29237365722656
5,2,69.551,178.2615966796875
5,3,74.023,208.97483825683594
5,4,90.92,266.96319580078125
5,5,79.173,295.25897216796875
5,6,68.501,347.2014465332031
5,7,70.014,410.6210021972656
5,8,60.216,484.20050048828125
5,9,42.953,560.5479125976562
5,10,70.49059343364196,657.846435546875
5,11,47.252,771.5037841796875
5,12,51.552,902.4378662109375
5,13,80.064,1054.0404052734375
5,14,83.078,1234.31005859375
6,0,-71.992,-120.47420501708984
6,1,-73.911,-95.65355682373047
6,2,-65.925,-108.9946517944336
6,3,-69.204,-118.7943344116211
6,4,-87.858,-111.44902038574219
6,5,-76.257,-110.7793960571289
6,6,-65.064,-111.27344512939453
6,7,-69.462,-110.69252014160156
6,8,-56.731,-109.26200866699219
6,9,-39.493,-108.42801666259766
6,10,-37.616,-108.33824920654297
6,11,-43.696,-108.29268646240234
6,12,-35.473,-107.9579849243164
6,13,-79.546,-107.6192398071289
6,14,-82.628,-107.4900894165039
7,0,206.539,302.29742431640625
7,1,434.868,412.9285888671875
7,2,427.4973082812739,403.698974609375
7,3,221.643,444.232666015625
7,4,421.69,474.121337890625
7,5,201.158,505.1943054199219
7,6,166.951,521.4662475585938
7,7,325.236,502.7700500488281
7,8,271.369,479.4416198730469
7,9,278.801,424.77532958984375
7,10,460.294,401.57525634765625
7,11,417.099,379.4606018066406
7,12,540.886,354.68536376953125
7,13,280.417,327.47637939453125
7,14,350.341,307.6164855957031
8,0,0.027,0.08126048743724823
8,1,0.307,0.08521618694067001
8,2,0.277,0.08612062782049179
8,3,0.271,0.08383175730705261
8,4,0.724,0.08857197314500809
8,5,0.008,0.08978049457073212
8,6,0.902,0.09067706763744354
8,7,1.023,0.0915306881070137
8,8,1.063,0.09256671369075775
8,9,1.043,0.09321582317352295
8,10,1.004,0.09377172589302063
8,11,1.022,0.09425638616085052
8,12,0.966,0.0946722999215126
8,13,0.965,0.09500491619110107
8,14,0.994,0.0952858179807663
9,0,0.0,0.0005617589922621846
9,1,0.277,0.0006230220897123218
9,2,0.0,0.0006750441389158368
9,3,0.0,0.0007188544841483235
9,4,0.0,0.0007542938692495227
9,5,0.0,0.0007672596839256585
9,6,0.0,0.0007762378081679344
9,7,0.0,0.0007821388426236808
9,8,0.0,0.0007857143646106124
9,9,0.0,0.0007876383024267852
9,10,0.0,0.0007888503023423254
9,11,0.0,0.0007895892485976219
9,12,3.469446951953614e-18,0.0007900268537923694
9,13,3.469446951953614e-18,0.000790284073445946
9,14,0.0,0.000790440128184855
10,0,0.0,-0.0009340336546301842
10,1,-0.276,-0.0009863999439403415
10,2,0.0,-0.0010243488941341639
10,3,0.0,-0.0010512089356780052
10,4,0.0,-0.0010724865132942796
10,5,0.0,-0.0010768573265522718
10,6,0.0,-0.0010794647969305515
10,7,0.0,-0.0010808883234858513
10,8,0.0,-0.00108158471994102
10,9,0.0,-0.00108183769043535
10,10,0.0,-0.0010819692397490144
10,11,0.0,-0.0010820328025147319
10,12,0.0,-0.0010820617899298668
10,13,0.0,-0.001082074479199946
10,14,0.0,-0.001082080532796681
11,0,0.0408901336805519,0.06894980370998383
11,1,0.03,0.07504025846719742
11,2,0.277,0.08157099783420563
11,3,0.271,0.08862872421741486
11,4,0.724,0.09471522271633148
11,5,0.008,0.09848412871360779
11,6,0.902,0.1017540693283081
11,7,1.023,0.10447943210601807
11,8,1.063,0.10663294792175293
11,9,1.043,0.1083141416311264
11,10,1.004,0.10969914495944977
11,11,1.022,0.11082910001277924
11,12,0.966,0.1117524653673172
11,13,0.965,0.11251018941402435
11,14,0.994,0.11313340067863464
12,0,0.316,0.0
12,1,0.32,0.0
12,2,0.0,0.0
12,3,0.0,0.0
12,4,0.0,0.0
12,5,0.0,0.0
12,6,0.0,0.0
12,7,0.0,0.0
12,8,0.0,0.0
12,9,0.0,0.0
12,10,0.0,0.0
12,11,0.0,0.0
12,12,0.0,0.0
12,13,0.0,0.0
12,14,0.0,0.0
13,0,0.316,0.0
13,1,0.32,0.0
13,2,0.0,0.0
13,3,0.0,0.0
13,4,0.0018131099987813,0.0
13,5,-0.0012071006986561,0.0
13,6,0.0,0.0
13,7,0.0,0.0
13,8,-0.0016670011431375,0.0
13,9,0.0,0.0
13,10,0.0,0.0
13,11,0.0,0.0
13,12,0.0,0.0
13,13,0.0,0.0
13,14,0.0,0.0
14,0,2033.288,1804.86962890625
14,1,2043.492,1967.833984375
14,2,2053.297,1918.248046875
14,3,2156.553,2001.7611083984375
14,4,2064.696,1850.757568359375
14,5,2031.901,1869.31787109375
14,6,2028.318,1850.176513671875
14,7,2215.831,1835.4447021484375
14,8,2264.632,1787.531494140625
14,9,2405.742,1774.4937744140625
14,10,2355.541,1753.2900390625
14,11,2549.689,1729.532470703125
14,12,2451.956,1702.4384765625
14,13,2525.809,1682.5726318359375
14,14,2601.8340029992355,1660.682861328125
15,0,341.084,424.8603820800781
15,1,358.048,493.9388427734375
15,2,349.223,561.6340942382812
15,3,338.27,786.4884643554688
15,4,328.079,938.8295288085938
15,5,387.125,1072.918212890625
15,6,365.133,1265.3740234375
15,7,402.658,1706.1005859375
15,8,406.061,2074.990234375
15,9,430.024,2437.216064453125
15,10,406.59,2880.055908203125
15,11,549.088,3451.865478515625
15,12,533.764,4462.78955078125
15,13,518.786,5262.2470703125
15,14,279.503,6335.5078125
16,0,-339.939,-281.80474853515625
16,1,-356.72,-275.0746154785156
16,2,-348.298,-286.69329833984375
16,3,-335.81,-277.015625
16,4,-317.916,-242.42291259765625
16,5,-365.02341801273184,-225.92066955566406
16,6,-354.385,-214.58035278320312
16,7,-392.792,-207.66590881347656
16,8,-395.623,-204.15338134765625
16,9,-419.44,-197.4999542236328
16,10,-396.358,-191.28317260742188
16,11,-388.8782911623116,-186.2803192138672
16,12,-531.609,-182.73666381835938
16,13,-516.192,-179.052734375
16,14,-277.815,-175.59751892089844
17,0,1693.348,1352.4327392578125
17,1,1686.772,1633.739501953125
17,2,1704.998,1284.1446533203125
17,3,1820.742,1212.266357421875
17,4,1746.78,1087.8421630859375
17,5,1656.173,1058.6536865234375
17,6,1673.933,914.8082275390625
17,7,1823.039,875.1298828125
17,8,1869.008,776.5689697265625
17,9,1986.301,740.834228515625
17,10,1959.183,653.7029418945312
17,11,1991.6383079511556,625.5394897460938
17,12,1920.347,554.4392700195312
17,13,2009.617,528.896240234375
17,14,2415.787,470.799072265625
18,0,75.834,65.99703216552734
18,1,76.159,61.99897766113281
18,2,65.849,56.641048431396484
18,3,59.991,53.78898620605469
18,4,59.799,51.30355453491211
18,5,65.826,49.57685089111328
18,6,64.384,48.3292121887207
18,7,61.03634893410624,47.538299560546875
18,8,54.589,47.09788513183594
18,9,44.518,46.89228820800781
18,10,35.583,46.829368591308594
18,11,54.575,46.839664459228516
18,12,69.472,46.87846755981445
18,13,70.458,46.9206657409668
18,14,34.336,46.95481872558594
19,0,73.991,84.72807312011719
19,1,71.974,90.83390808105469
19,2,65.00732174201097,101.33214569091797
19,3,55.284,114.37692260742188
19,4,54.965,131.16761779785156
19,5,61.811,145.49517822265625
19,6,59.515,163.3720703125
19,7,53.91,183.13470458984375
19,8,52.091,204.94021606445312
19,9,45.12239650718109,228.2372283935547
19,10,29.703,254.4886016845703
19,11,26.732,283.1819152832031
19,12,26.65164812306516,314.72015380859375
19,13,20.956,349.366455078125
19,14,20.162,387.6592102050781
20,0,-73.816,-57.415096282958984
20,1,-71.37,-54.471656799316406
20,2,-61.126,-52.87224578857422
20,3,-55.281,-52.825653076171875
20,4,-59.68052756237442,-49.00518035888672
20,5,-56.03242722169879,-47.39317321777344
20,6,-59.512,-45.821372985839844
20,7,-53.898,-44.735618591308594
20,8,-40.96787097818409,-43.14317321777344
20,9,-32.005,-42.071624755859375
20,10,-25.657795031421937,-41.06501007080078
20,11,-26.72,-40.245697021484375
20,12,-24.809,-39.42424774169922
20,13,-20.944,-38.765533447265625
20,14,-20.065,-38.17617416381836
21,0,2.017999999999999,2.094402551651001
21,1,4.788,1.9654666185379028
21,2,4.723,1.8457369804382324
21,3,4.709,1.6783902645111084
21,4,4.837,1.6480951309204102
21,5,5.29575287051986,1.5613197088241577
21,6,4.872,1.4901752471923828
21,7,1.9700000000000009,1.4311844110488892
21,8,2.508000000000001,1.388237476348877
21,9,12.513,1.3437700271606445
21,10,5.891,1.307605504989624
21,11,27.854999999999997,1.2774372100830078
21,12,44.662,1.2519010305404663
21,13,49.513,1.229532241821289
21,14,14.27,1.2109768390655518
22,0,0.0,-0.06500077247619629
22,1,0.0,-0.07237254083156586
22,2,0.0,-0.08143150806427002
22,3,0.0,-0.09145243465900421
22,4,0.0,-0.10209977626800537
22,5,0.0,-0.1063787192106247
22,6,0.0,-0.11039535701274872
22,7,0.0,-0.11378706991672516
22,8,0.0,-0.11636151373386383
22,9,0.0,-0.11801788210868835
22,10,0.0,-0.1193729043006897
22,11,0.0,-0.12041327357292175
22,12,0.0,-0.12117893993854523
22,13,0.0,-0.12174092233181
22,14,0.0,-0.12217563390731812
23,0,0.0,-0.04423290118575096
23,1,0.0,-0.05101727321743965
23,2,0.0,-0.05605647340416908
23,3,0.0,-0.06059807911515236
23,4,0.0,-0.06441539525985718
23,5,0.0,-0.06590619683265686
23,6,0.0,-0.06687964498996735
23,7,0.0,-0.0675181895494461
23,8,0.0,-0.06791412830352783
23,9,0.0,-0.06813302636146545
23,10,0.0,-0.06826843321323395
23,11,0.0,-0.06835129857063293
23,12,0.0,-0.06840111315250397
23,13,0.0,-0.06843066215515137
23,14,0.0,-0.06844861805438995
24,0,0.0,3.196371078491211
24,1,0.0,2.7162668704986572
24,2,0.0,2.8849849700927734
24,3,2.132501319787032,3.345574378967285
24,4,0.0,3.445652484893799
24,5,3.9938355335431694,3.5243868827819824
24,6,0.0,3.802661180496216
24,7,0.0,4.1767449378967285
24,8,8.155,4.5348663330078125
24,9,13.406,5.001224994659424
24,10,33.419,5.668791770935059
24,11,41.193,6.579004287719727
24,12,52.136,7.829684257507324
24,13,60.047,9.657017707824707
24,14,80.397,12.377548217773438
25,0,0.0,0.0
25,1,0.0,0.0
25,2,0.0,0.0
25,3,0.0,0.0
25,4,0.0,0.0
25,5,0.0,0.0
25,6,0.0,0.0
25,7,0.0,0.0
25,8,8.131,0.0
25,9,13.143,0.0
25,10,32.743,0.0
25,11,40.278,0.0
25,12,0.0,0.0
25,13,59.049,0.0
25,14,79.613,0.0
26,0,-1.7763568394002505e-15,0.27075427770614624
26,1,-1.7763568394002505e-15,0.29333940148353577
26,2,-1.7763568394002505e-15,0.3064350485801697
26,3,-1.7763568394002505e-15,0.3118026554584503
26,4,-1.7763568394002505e-15,0.31381404399871826
26,5,-1.7763568394002505e-15,0.3145405650138855
26,6,-1.7763568394002505e-15,0.3146917223930359
26,7,0.0559999999999991,0.3147020637989044
26,8,-8.076,0.3146767318248749
26,9,-10.74487024022687,0.31465405225753784
26,10,-32.692,0.31464093923568726
26,11,-40.22,0.31463417410850525
26,12,-29.72470692094382,0.31463122367858887
26,13,-58.98899999999999,0.31463006138801575
26,14,-79.552,0.3146297037601471
27,0,4.440892098500626e-16,1.0717979669570923
27,1,4.440892098500626e-16,1.0109387636184692
27,2,4.440892098500626e-16,0.9147247076034546
27,3,4.440892098500626e-16,0.8668031096458435
27,4,4.440892098500626e-16,0.9068429470062256
27,5,4.440892098500626e-16,0.8962628841400146
27,6,4.440892098500626e-16,0.8744060397148132
27,7,0.0569999999999994,0.8656508922576904
27,8,0.0779999999999994,0.8757553696632385
27,9,0.298502986065877,0.8746782541275024
27,10,0.7269999999999999,0.8696644306182861
27,11,0.972,0.8677624464035034
27,12,52.198,0.8703400492668152
27,13,1.0580000000000005,0.8704203963279724
27,14,0.8439999999999999,0.8692381381988525
28,0,4.832,10.809280395507812
28,1,4.064,10.962752342224121
28,2,3.973,8.882662773132324
28,3,5.548007697583909,9.595978736877441
28,4,4.728,11.885316848754883
28,5,4.62,12.472095489501953
28,6,3.457,12.319528579711914
28,7,3.565,13.319855690002441
28,8,3.659,14.891463279724121
28,9,3.882934704437661,15.924530982971191
28,10,3.237,16.684833526611328
28,11,11.716,17.78858184814453
28,12,3.783,19.08672332763672
28,13,9.464,20.216796875
28,14,3.288,21.176624298095703
29,0,2.918797948754806,15.483450889587402
29,1,2.355,21.671340942382812
29,2,2.535,26.613252639770508
29,3,2.336,62.546974182128906
29,4,2.235,150.439208984375
29,5,2.111,264.92877197265625
29,6,1.956,482.203125
29,7,1.976,1023.9236450195312
29,8,1.923,2057.0087890625
29,9,1.757,3951.87109375
29,10,1.7119999999999995,7810.146484375
29,11,1.653,15606.9140625
29,12,2.272,30801.458984375
29,13,2.179,60667.28515625
29,14,2.116,120099.5
30,0,-1.714,5.319495677947998
30,1,-1.555,4.5797224044799805
30,2,-2.453,1.703316569328308
30,3,-1.1,0.7673579454421997
30,4,-1.087,-0.15542685985565186
30,5,-0.915,-0.43611806631088257
30,6,-0.942,-0.4134315848350525
30,7,-1.151317816717249,-0.344319611787796
30,8,-0.733,-0.19894051551818848
30,9,-0.385,-0.12865270674228668
30,10,-0.7766748750469998,-0.13866659998893738
30,11,-0.1399999999999999,-0.17784705758094788
30,12,-0.596,-0.21927416324615479
30,13,-0.385,-0.234877347946167
30,14,-0.589,-0.2292163372039795
31,0,3.117,7.273287296295166
31,1,2.509,7.4346699714660645
31,2,1.52,7.639928817749023
31,3,3.056,8.604660987854004
31,4,3.64,10.32301139831543
31,5,3.704,11.644889831542969
31,6,2.514,13.275365829467773
31,7,3.398413394399425,15.335738182067871
31,8,2.926,17.644973754882812
31,9,3.7364319912160626,19.905237197875977
31,10,5.5102592436598705,22.07290267944336
31,11,11.575,23.973005294799805
31,12,3.187,25.468250274658203
31,13,9.079,26.489675521850586
31,14,2.6979999999999995,27.04241371154785
32,0,528705.144,456277.28125
32,1,538100.436,450701.875
32,2,527288.507,447355.75
32,3,519642.462,510867.0625
32,4,511219.411,455306.75
32,5,483862.2,436797.53125
32,6,466895.348,432852.375
32,7,488234.472,440734.5625
32,8,499888.628,410927.6875
32,9,502953.4945159,403447.0
32,10,480336.827,394652.875
32,11,508783.542,386160.78125
32,12,507741.8698476682,372758.4375
32,13,485987.848,364403.59375
32,14,504452.672,355004.90625
33,0,2758.619,9041.2109375
33,1,3123.466,8332.611328125
33,2,2973.034,11626.2646484375
33,3,3062.754,13461.56640625
33,4,3121.469,17601.15234375
33,5,2761.186,22038.572265625
33,6,2761.817,27058.681640625
33,7,2907.5539514118645,36904.47265625
33,8,2765.082,39585.36328125
33,9,2879.888,54050.40625
33,10,2887.834,72848.7890625
33,11,2980.794,78681.640625
33,12,2858.865,110847.5703125
33,13,2891.255,137632.890625
33,14,2982.331,166079.765625
34,0,6741.707567805677,5356.8203125
34,1,6970.389,5140.72509765625
34,2,7142.103,4448.62060546875
34,3,4538.918,4350.859375
34,4,7196.473,3793.2763671875
34,5,7168.266,3621.29248046875
34,6,6808.845,3191.917724609375
34,7,6239.66,3052.76220703125
34,8,5346.405,2689.350830078125
34,9,5259.544,2561.74755859375
34,10,5132.179,2264.266845703125
34,11,4750.798,2152.91943359375
34,12,4741.496,1905.214599609375
34,13,4596.322,1807.24755859375
34,14,4815.624,1603.137451171875
35,0,535553.466,439283.03125
35,1,545070.826,467411.71875
35,2,534430.61,483813.1875
35,3,524181.38,475001.0
35,4,518415.885,459583.6875
35,5,491030.466,464949.84375
35,6,473704.194,466545.65625
35,7,494474.132,458766.0
35,8,505235.034,453995.28125
35,9,496420.439,455071.28125
35,10,485469.007,452406.625
35,11,511353.7329695117,447615.0625
35,12,503321.6305599282,445244.53125
35,13,490584.171,443820.40625
35,14,509284.715,440632.125
36,0,558.3319246857582,685.6774291992188
36,1,513.293,684.8434448242188
36,2,513.892,680.8710327148438
36,3,470.663,678.1896362304688
36,4,619.05,677.0411987304688
36,5,866.225,675.6550903320312
36,6,856.191,673.7835083007812
36,7,918.968,671.9091796875
36,8,888.385,670.2305297851562
36,9,947.4755547587324,668.612060546875
36,10,1007.776,666.9658203125
36,11,1059.3682517833297,665.3191528320312
36,12,1105.773,663.7067260742188
36,13,1153.177,662.1254272460938
36,14,1126.704,660.5625610351562
37,0,27.044000000000004,980.8333740234375
37,1,8.146,377.1556701660156
37,2,47.077,746.6673583984375
37,3,26.292,2291.15576171875
37,4,48.227,7620.9833984375
37,5,81.432,3859.49365234375
37,6,93.407,8013.78857421875
37,7,85.634,25005.4921875
37,8,65.285,16615.73828125
37,9,79.91114459706482,25113.59765625
37,10,116.43,28170.7578125
37,11,62.556,48094.73828125
37,12,79.741,40826.97265625
37,13,78.538,73548.7109375
37,14,54.16,69379.3125
38,0,4.3359999999999985,-730.254150390625
38,1,23.001000000000005,-1888.14794921875
38,2,-17.443,-663.2815551757812
38,3,5.5440000000000005,-601.8817749023438
38,4,-13.568,-1046.8524169921875
38,5,-60.629,-267.0189514160156
38,6,-68.413,-1559.021484375
38,7,-61.41640307768081,-477.51580810546875
38,8,-51.79899999999999,-1752.456787109375
38,9,-74.085,-592.5921630859375
38,10,-105.29,-2574.17529296875
38,11,-50.065,-918.6495971679688
38,12,-67.31,-3553.09130859375
38,13,-49.739,-1302.3294677734375
38,14,-23.834,-5088.162109375
39,0,556.745,704.2457275390625
39,1,624.9997740609778,702.861328125
39,2,496.448,683.2556762695312
39,3,476.207,669.8770141601562
39,4,730.2344635262283,659.2299194335938
39,5,805.595,648.1861572265625
39,6,787.778,635.8682250976562
39,7,870.823,624.63525390625
39,8,836.586,613.8032836914062
39,9,840.306,603.0615234375
39,10,902.486,592.4639282226562
39,11,988.564,582.18359375
39,12,1038.462,572.1237182617188
39,13,1103.438,562.2588500976562
39,14,1102.869,552.5966186523438
40,0,0.002,0.566921055316925
40,1,0.002,0.5892388820648193
40,2,0.003,0.597656786441803
40,3,0.001,0.6075182557106018
40,4,0.003,0.6313745379447937
40,5,0.0,0.6365071535110474
40,6,0.0,0.6399214863777161
40,7,0.000590832903987,0.6433424949645996
40,8,0.0,0.6472605466842651
40,9,0.0,0.6486823558807373
40,10,0.0,0.6497604846954346
40,11,0.001,0.650717556476593
40,12,0.003,0.6514965891838074
40,13,0.002,0.6519023180007935
40,14,0.002,0.652216374874115
41,0,0.002,0.0
41,1,0.002,0.0
41,2,0.002,0.0
41,3,0.0,0.0
41,4,0.003,0.0
41,5,0.0,0.0
41,6,0.0,0.0
41,7,0.0,0.0
41,8,0.0,0.0
41,9,0.0,0.0
41,10,0.0,0.0
41,11,0.0,0.0
41,12,0.0,0.0
41,13,0.0,0.0
41,14,0.0,0.0
42,0,-0.002,0.0
42,1,-0.002,0.0
42,2,-0.002,0.0
42,3,0.0,0.0
42,4,-0.003,0.0
42,5,0.0,0.0
42,6,0.0,0.0
42,7,0.0,0.0
42,8,0.0,0.0
42,9,0.0,0.0
42,10,0.0,0.0
42,11,0.0,0.0
42,12,0.0,0.0
42,13,0.0,0.0
42,14,0.0,0.0
43,0,0.0,1.0673856735229492
43,1,0.0,1.2031948566436768
43,2,0.0,1.2280406951904297
43,3,0.001,1.2178856134414673
43,4,0.0,1.2364346981048584
43,5,0.0,1.2669070959091187
43,6,0.0,1.2771703004837036
43,7,0.0,1.2841264009475708
43,8,0.0,1.2952756881713867
43,9,0.0,1.3052788972854614
43,10,0.0,1.311498761177063
43,11,0.001,1.3170520067214966
43,12,0.003,1.3225544691085815
43,13,0.002,1.3271105289459229
43,14,0.002,1.3307080268859863
44,0,153.163,180.50753784179688
44,1,146.239,180.41160583496094
44,2,131.82574202063927,181.2949981689453
44,3,94.304,182.34368896484375
44,4,87.004,183.79762268066406
44,5,80.416,185.51220703125
44,6,65.474,187.38864135742188
44,7,63.723,189.4447479248047
44,8,60.597,191.6652069091797
44,9,206.654,194.0415496826172
44,10,50.839,196.57826232910156
44,11,54.09,199.27578735351562
44,12,63.832,202.13331604003906
44,13,66.881,205.14930725097656
44,14,49.80700000000001,208.3193359375
45,0,130.093,224.05194091796875
45,1,104.55156034114287,258.15374755859375
45,2,111.109,252.80648803710938
45,3,77.955,280.47979736328125
45,4,70.617,341.3007507324219
45,5,62.325,377.3919982910156
45,6,53.3,416.9637451171875
45,7,54.134,470.7823181152344
45,8,50.922798088104784,534.6355590820312
45,9,47.024,597.6124267578125
45,10,41.985,670.2442016601562
45,11,39.697,754.5563354492188
45,12,27.714,848.764404296875
45,13,33.092,952.4637451171875
45,14,28.828000000000003,1070.0560302734375
46,0,-130.007,-163.1005401611328
46,1,-115.189,-219.1935577392578
46,2,-111.079,-224.52857971191406
46,3,-77.923,-229.1702880859375
46,4,-70.582,-259.7641296386719
46,5,-62.298,-221.98475646972656
46,6,-53.273,-247.30645751953125
46,7,-54.072,-223.83509826660156
46,8,-51.477,-226.04922485351562
46,9,-46.963,-223.3521728515625
46,10,-41.928,-211.44728088378906
46,11,-39.63700000000001,-213.32872009277344
46,12,-39.98122798098171,-202.10147094726562
46,13,-33.03999999999999,-200.20419311523438
46,14,-28.775,-194.14743041992188
47,0,23.155,71.55975341796875
47,1,31.049,64.33224487304688
47,2,16.869,70.22676086425781
47,3,16.38,71.14325714111328
47,4,16.421,80.61955261230469
47,5,18.118,81.92778778076172
47,6,12.201,88.56855010986328
47,7,9.65,89.10263061523438
47,8,9.119,93.93791961669922
47,9,159.69,95.00981903076172
47,10,8.91,98.37132263183594
47,11,14.451999999999998,99.72191619873047
47,12,36.201,102.2111587524414
47,13,33.84,103.65457153320312
47,14,21.032,105.5915298461914
48,0,4641.076,5017.04345703125
48,1,4791.358,5246.08447265625
48,2,4727.746,5466.45068359375
48,3,4706.918,5733.876953125
48,4,4588.562782914323,5954.87890625
48,5,4209.702,6218.9580078125
48,6,3999.131,6488.8759765625
48,7,4477.734,6774.6572265625
48,8,4477.348,7060.609375
48,9,4450.597,7368.96875
48,10,4449.822623602634,7688.1875
48,11,4778.944,8021.30224609375
48,12,4681.576,8366.716796875
48,13,4799.513,8729.7587890625
48,14,5000.41,9107.4619140625
49,0,275.37,725.93359375
49,1,272.333,631.8679809570312
49,2,268.011,816.6572875976562
49,3,284.9831164314761,932.2547607421875
49,4,227.503,1461.535888671875
49,5,212.039,1582.089111328125
49,6,185.392,2063.97021484375
49,7,372.617,3064.038818359375
49,8,387.408,3384.8154296875
49,9,383.634,4302.2275390625
49,10,374.09,6547.0576171875
49,11,103.574,7146.2626953125
49,12,103.079,9120.12109375
49,13,110.221,13838.7783203125
49,14,120.20999999999998,15154.306640625
50,0,-273.097,-292.267822265625
50,1,-269.533,-295.28936767578125
50,2,-266.496,-295.0599670410156
50,3,-267.333,-289.36572265625
50,4,-222.853,-289.00927734375
50,5,-211.638,-288.4684143066406
50,6,-341.5141140119905,-287.3222351074219
50,7,-370.801,-285.64617919921875
50,8,-385.6,-284.5035095214844
50,9,-381.889,-283.4232177734375
50,10,-372.408,-282.2762145996094
50,11,-101.793,-281.0920104980469
50,12,-113.60369366960305,-279.9793701171875
50,13,-108.748,-278.89776611328125
50,14,-119.99,-277.82568359375
51,0,4367.979,4362.34765625
51,1,4521.825,4478.11962890625
51,2,4461.25,4604.8984375
51,3,4439.584,4693.896484375
51,4,4301.075,4714.84619140625
51,5,3998.064,4808.6396484375
51,6,3814.081,4895.61962890625
51,7,4106.933,4969.30615234375
51,8,4091.747,5041.26171875
51,9,4068.707,5126.611328125
51,10,3997.567,5209.212890625
51,11,4677.15,5290.4521484375
51,12,4580.204,5374.08984375
51,13,4616.852038104585,5460.69287109375
51,14,4880.419,5547.50048828125
52,0,1.458,1.6384954452514648
52,1,1.482,1.4788357019424438
52,2,1.45,1.2940869331359863
52,3,1.422,1.1683459281921387
52,4,0.6241011749922745,1.121367335319519
52,5,0.0,1.0312305688858032
52,6,0.002,0.9597564935684204
52,7,0.0,0.9143063426017761
52,8,0.0009999999999998,0.8811191320419312
52,9,0.0,0.8455191850662231
52,10,0.0009999999999998,0.819894552230835
52,11,1.384,0.8018951416015625
52,12,1.357,0.7870792746543884
52,13,1.343,0.7751441597938538
52,14,1.409,0.7665548324584961
53,0,2.162852835423739,3.8527796268463135
53,1,1.476,4.356010913848877
53,2,1.438,5.478507041931152
53,3,1.406,7.923814296722412
53,4,1.379,15.570015907287598
53,5,0.0,25.113393783569336
53,6,0.0,44.807804107666016
53,7,0.0,85.24021911621094
53,8,0.0983624185735208,167.04820251464844
53,9,0.0,311.33624267578125
53,10,0.0,593.1596069335938
53,11,-0.0151750605218342,1140.3338623046875
53,12,0.0,2193.53369140625
53,13,0.0,4182.09130859375
53,14,0.0,8012.55126953125
54,0,-1.456,-1.8474030494689941
54,1,-1.476,-1.7746272087097168
54,2,-1.5241084318162934,-1.6167172193527222
54,3,-1.406,-1.3983758687973022
54,4,-1.379,-1.3573821783065796
54,5,0.0,-1.2566412687301636
54,6,0.0,-1.149953007698059
54,7,-0.0798846721686971,-1.0580923557281494
54,8,0.0,-0.9925668835639954
54,9,0.0,-0.9293259382247925
54,10,0.0,-0.8751846551895142
54,11,0.0,-0.8315421938896179
54,12,0.0,-0.7964985966682434
54,13,0.0,-0.7672028541564941
54,14,0.0,-0.7435658574104309
55,0,0.002,0.35105955600738525
55,1,0.006,0.34079182147979736
55,2,0.012,0.34504538774490356
55,3,0.0149999999999999,0.360306978225708
55,4,0.002,0.3863276243209839
55,5,0.0,0.38612619042396545
55,6,0.002,0.3892148733139038
55,7,0.0,0.3933529555797577
55,8,0.001,0.3967318832874298
55,9,0.0,0.39726153016090393
55,10,0.001,0.3982023298740387
55,11,0.4529577197417737,0.3990594446659088
55,12,1.357,0.39958447217941284
55,13,1.343,0.39978963136672974
55,14,1.409,0.40001416206359863
56,0,48.353,50.25223159790039
56,1,48.264,53.03109359741211
56,2,44.742,54.54856491088867
56,3,30.011,56.831783294677734
56,4,28.731,58.333614349365234
56,5,24.44,60.208160400390625
56,6,42.396,61.646385192871094
56,7,41.969,63.23308181762695
56,8,41.854,64.56143951416016
56,9,38.16,65.93026733398438
56,10,35.468646778798536,67.1366195678711
56,11,35.147,68.33321380615234
56,12,34.094,69.42023468017578
56,13,30.721,70.47611236572266
56,14,31.093,71.45270538330078
57,0,48.025,68.63592529296875
57,1,42.195,77.97132110595703
57,2,40.612,95.33040618896484
57,3,26.335,124.98493194580078
57,4,24.725,157.96353149414062
57,5,22.31,193.13320922851562
57,6,40.196,241.98797607421875
57,7,41.207,306.1986999511719
57,8,39.875,382.4632873535156
57,9,35.08002592061966,475.7139587402344
57,10,34.938,595.2211303710938
57,11,34.1,745.0740966796875
57,12,32.622,930.1458129882812
57,13,29.763,1161.0462646484375
57,14,29.669,1450.794189453125
58,0,-47.929,-43.55809020996094
58,1,-42.095,-44.620121002197266
58,2,-40.612,-46.93668746948242
58,3,-26.335,-51.90665054321289
58,4,-24.725,-52.13994216918945
58,5,-35.45295920163743,-54.143131256103516
58,6,-40.196,-56.658226013183594
58,7,-41.207,-59.57426834106445
58,8,-39.875,-61.54180908203125
58,9,-37.232,-63.999229431152344
58,10,-34.938,-66.67198181152344
58,11,-34.1,-69.44354248046875
58,12,-32.622,-72.0760726928711
58,13,-33.315172254732374,-74.89884948730469
58,14,-29.669,-77.84732818603516
59,0,0.4239999999999999,0.8510167002677917
59,1,1.590981116994212,0.7752457857131958
59,2,4.129,0.7236282825469971
59,3,3.676,0.6757006049156189
59,4,4.006,0.7147956490516663
59,5,2.13,0.706743061542511
59,6,2.2,0.7020732164382935
59,7,2.751841893637918,0.701195478439331
59,8,1.979,0.702765166759491
59,9,0.9280000000000002,0.7019831538200378
59,10,1.753,0.7016740441322327
59,11,1.047,0.701673686504364
59,12,1.472,0.7017001509666443
59,13,0.958,0.7016318440437317
59,14,1.424,0.7016106843948364
60,0,2389.628,2758.00439453125
60,1,2436.788149764912,2502.3095703125
60,2,2657.779,2790.82275390625
60,3,2142.145,2489.94287109375
60,4,2161.428,2761.86767578125
60,5,2149.557,2540.349853515625
60,6,2199.787,2891.2431640625
60,7,2254.718,2553.019775390625
60,8,2682.594033895357,2818.46142578125
60,9,2171.9,2601.750732421875
60,10,2731.8,2988.442138671875
60,11,2894.715,2616.388427734375
60,12,3172.904,2864.319091796875
60,13,3114.14,2669.859619140625
60,14,4360.476,3087.497802734375
61,0,79.69,321.87445068359375
61,1,36.775,364.188232421875
61,2,87.68119971358749,325.1401062011719
61,3,34.365,376.7211608886719
61,4,36.68699999999999,654.0047607421875
61,5,160.855,658.3394165039062
61,6,220.498,737.3516235351562
61,7,66.297,1077.0765380859375
61,8,211.104,1161.3653564453125
61,9,72.351,1398.49169921875
61,10,58.919,1681.2420654296875
61,11,65.473,2106.587158203125
61,12,108.98,2320.33251953125
61,13,67.543,2949.111572265625
61,14,66.713,3502.2724609375
62,0,68.49767775739484,19.203378677368164
62,1,130.913,-8.808609008789062
62,2,125.047,-15.478204727172852
62,3,143.436,-1.799267292022705
62,4,176.915,25.052913665771484
62,5,44.908,7.20075798034668
62,6,98.42405024028712,10.119479179382324
62,7,110.302,11.471275329589844
62,8,6.641999999999996,22.369308471679688
62,9,112.168,6.781186103820801
62,10,216.986,1.973029375076294
62,11,401.139,15.581871032714844
62,12,266.32,32.02848815917969
62,13,352.711,4.501173496246338
62,14,358.696,-4.465605735778809
63,0,2477.719,2457.9404296875
63,1,2658.777,2444.2939453125
63,2,2503.6456503829795,2407.067138671875
63,3,2285.581,2357.82861328125
63,4,2338.343,2340.46484375
63,5,2194.465,2311.446533203125
63,6,2197.223,2278.833251953125
63,7,2365.02,2246.42236328125
63,8,2586.096,2221.088134765625
63,9,2284.069,2191.68896484375
63,10,2948.787,2162.527587890625
63,11,3129.743,2134.145751953125
63,12,3238.954876351911,2107.3056640625
63,13,3466.851,2079.52685546875
63,14,4719.173,2052.32763671875
64,0,0.001,0.015455727465450764
64,1,0.003,0.018704745918512344
64,2,0.003,0.022491537034511566
64,3,0.003,0.026862023398280144
64,4,0.347,0.03194643557071686
64,5,0.325,0.03520359843969345
64,6,0.685,0.03843051567673683
64,7,0.939,0.041526854038238525
64,8,0.954,0.04437439143657684
64,9,0.945,0.04680786281824112
64,10,0.893,0.04907495155930519
64,11,0.925,0.05115341395139694
64,12,0.879,0.053035277873277664
64,13,0.861,0.05473116785287857
64,14,0.869,0.056282348930835724
65,0,0.0,0.0
65,1,0.0,0.0
65,2,0.0,0.0
65,3,0.0,0.0
65,4,0.341,0.0
65,5,0.319,0.0
65,6,0.2965059112263701,0.0
65,7,0.4062749428382118,0.0
65,8,0.8194271923706697,0.0
65,9,0.92,0.0
65,10,0.8739999999999999,0.0
65,11,0.8999999999999999,0.0
65,12,0.8599999999999999,0.0
65,13,0.839,0.0
65,14,0.7747430191432179,0.0
66,0,0.0,0.0
66,1,0.0,0.0
66,2,0.0,0.0
66,3,0.0,0.0
66,4,-0.341,0.0
66,5,-0.3190116095104526,0.0
66,6,-0.676,0.0
66,7,-0.6437321521458018,0.0
66,8,-0.933,0.0
66,9,-0.919,0.0
66,10,-0.873,0.0
66,11,-0.899,0.0
66,12,-0.8695194436579128,0.0
66,13,-0.8380000000000001,0.0
66,14,-0.852,0.0
67,0,0.001,0.0711481049656868
67,1,0.0029999999999999,0.0849526971578598
67,2,0.0029999999999999,0.10011707991361618
67,3,0.0029999999999999,0.11646771430969238
67,4,0.005,0.13293355703353882
67,5,0.006,0.14262151718139648
67,6,0.009,0.1509181410074234
67,7,0.0122922551896636,0.15740624070167542
67,8,0.0199999999999999,0.1615186333656311
67,9,0.025,0.16445772349834442
67,10,0.019,0.16651250422000885
67,11,0.025,0.16791044175624847
67,12,0.019,0.16887353360652924
67,13,0.023,0.1695106327533722
67,14,0.016,0.16994355618953705
68,0,5830.779,2455.69775390625
68,1,5887.069,3033.411376953125
68,2,6134.237,2685.17919921875
68,3,6368.021,2118.3701171875
68,4,6180.568,1142.3909912109375
68,5,749.4560000000001,1111.0106201171875
68,6,515.1419999999998,877.8577880859375
68,7,623.4229999999998,745.8772583007812
68,8,695.9090000000001,422.67718505859375
68,9,640.6509999999998,386.5963134765625
68,10,704.2780000000002,330.3040466308594
68,11,823.56,274.736572265625
68,12,783.1509999999998,151.27584838867188
68,13,829.8490000000002,167.31170654296875
68,14,806.46,130.22401428222656
69,0,60.5645746807453,-401.39996337890625
69,1,60.411,-92.90556335449219
69,2,50.59179208225321,1955.696044921875
69,3,53.899,2679.57666015625
69,4,56.48,2956.32470703125
69,5,24.961,1228.251220703125
69,6,23.521,-2467.136474609375
69,7,22.231,-2364.3056640625
69,8,21.808,5833.0126953125
69,9,20.84700000000001,34155.95703125
69,10,21.772999999999996,43958.20703125
69,11,18.813,42513.046875
69,12,18.754999999999995,9145.44921875
69,13,12.104,-39114.27734375
69,14,13.595999999999997,-1516.4095458984375
70,0,-28.942,-155.88201904296875
70,1,-31.577,-134.38912963867188
70,2,-0.3599999999999994,-124.07096862792969
70,3,-8.104,-127.7791519165039
70,4,-5.978999999999999,-141.32003784179688
70,5,-5.161999999999999,-166.99014282226562
70,6,-5.039999999999999,-150.07769775390625
70,7,-3.971,-143.88560485839844
70,8,-11.136,-157.86972045898438
70,9,5.9040000000000035,-191.37863159179688
70,10,4.792999999999999,-173.02056884765625
70,11,6.706000000000003,-153.7725372314453
70,12,6.607999999999997,-161.96804809570312
70,13,7.933999999999997,-199.8441162109375
70,14,5.026000000000003,-194.6551513671875
71,0,5801.837,2862.73193359375
71,1,5855.491,1429.0394287109375
71,2,6133.877,677.5794677734375
71,3,5328.3248234086295,1112.2728271484375
71,4,6174.589,617.4541015625
71,5,744.2930000000001,307.130859375
71,6,510.1019999999994,131.6015625
71,7,619.4519999999998,154.5635528564453
71,8,684.7719999999999,132.6791229248047
71,9,646.5549999999998,80.5085678100586
71,10,709.0720000000001,42.18558120727539
71,11,707.3804675650254,26.77689552307129
71,12,694.3874193076149,24.48601722717285
71,13,837.7829999999999,18.106929779052734
71,14,811.4870000000001,10.82046127319336
72,0,111.426,128.3416290283203
72,1,108.009,139.94647216796875
72,2,105.441,149.44224548339844
72,3,97.964,159.1098175048828
72,4,96.242,167.5574493408203
72,5,85.04,174.27410888671875
72,6,80.446,178.7703399658203
72,7,82.548,179.14996337890625
72,8,84.77,173.47000122070312
72,9,78.48050265623047,163.6602783203125
72,10,78.016,156.46690368652344
72,11,2.5859999999999985,151.50686645507812
72,12,0.9749999999999944,147.06463623046875
72,13,0.6440000000000055,142.96189880371094
72,14,0.8709999999999951,139.71241760253906
73,0,102.783,195.24916076660156
73,1,99.123,214.9041748046875
73,2,98.122,253.2876434326172
73,3,91.059,312.3134460449219
73,4,88.58,405.7412414550781
73,5,78.38,484.7780456542969
73,6,73.664,594.1390380859375
73,7,76.204,735.5768432617188
73,8,78.273,909.1715087890625
73,9,73.156,1111.69970703125
73,10,71.205,1367.684814453125
73,11,43.79565699818259,1684.0732421875
73,12,0.4429999999999978,2070.88671875
73,13,26.01646640454308,2543.73681640625
73,14,0.4500000000000028,3128.352294921875
74,0,-91.26270373093028,-85.27208709716797
74,1,-93.909,-84.97479248046875
74,2,-98.122,-81.78102111816406
74,3,-91.059,-78.2269287109375
74,4,-76.826,-74.35795593261719
74,5,-67.95,-72.5858383178711
74,6,-73.664,-70.97486114501953
74,7,-76.085,-69.87744903564453
74,8,-78.154,-69.34392547607422
74,9,-73.038,-69.19416046142578
74,10,-71.089,-69.24105834960938
74,11,-0.3509999999999991,-69.3409194946289
74,12,-0.3349999999999937,-69.40583038330078
74,13,-0.3269999999999982,-69.42465209960938
74,14,-0.3389999999999986,-69.41777038574219
75,0,13.746,42.73896789550781
75,1,14.099,29.44728660583496
75,2,7.318,42.270225524902344
75,3,6.904,54.10489273071289
75,4,19.415,73.66858673095703
75,5,17.089,75.38909912109375
75,6,6.781,90.75811767578125
75,7,6.463,104.8167953491211
75,8,6.615,120.35186004638672
75,9,6.248,133.21937561035156
75,10,6.927,149.25523376464844
75,11,2.234999999999999,165.8995819091797
75,12,0.6389999999999993,183.75778198242188
75,13,0.3170000000000001,202.4699249267578
75,14,0.532,223.28431701660156
76,0,25.271,-0.5582284331321716
76,1,25.051,0.3412148952484131
76,2,25.266,-0.13155905902385712
76,3,25.055,-0.2582453489303589
76,4,25.273,0.00858146883547306
76,5,23.607,0.0037912982515990734
76,6,23.934,0.007512920536100864
76,7,22.176,0.004740807693451643
76,8,10.364934539439057,0.001839022384956479
76,9,-1.7763568394002505e-15,0.0020118942484259605
76,10,-1.7763568394002505e-15,0.0020810302812606096
76,11,-1.7763568394002505e-15,0.0021726887207478285
76,12,0.6940471065493892,0.002207573037594557
76,13,-1.7763568394002505e-15,0.0021999964956194162
76,14,-1.7763568394002505e-15,0.002196507528424263
77,0,25.0,0.0
77,1,23.0,0.0
77,2,23.0,0.0
77,3,23.0,0.0
77,4,23.0,0.0
77,5,21.647,0.0
77,6,21.647,0.0
77,7,22.058,0.0
77,8,22.058,0.0
77,9,0.0,0.0
77,10,0.0,0.0
77,11,0.0,0.0
77,12,0.0,0.0
77,13,0.0,0.0
77,14,0.0,0.0
78,0,-24.87,0.0
78,1,-22.869,0.0
78,2,-23.0,0.0
78,3,-23.0,0.0
78,4,-23.0,0.0
78,5,-21.647,0.0
78,6,-21.647,0.0
78,7,-22.058,0.0
78,8,-22.058,0.0
78,9,-6.648094176525401,0.0
78,10,0.0,0.0
78,11,0.0,0.0
78,12,0.0,0.0
78,13,0.0,0.0
78,14,0.0,0.0
79,0,0.401,-0.006899673026055098
79,1,2.182,-0.005117075517773628
79,2,2.266,-0.0037327646277844906
79,3,1.8373051806378444,-0.0026536574587225914
79,4,2.273,0.0016873525455594063
79,5,1.96,0.0018637708853930235
79,6,2.287,0.0019734567031264305
79,7,0.118,0.0020397985354065895
79,8,0.579,0.002078562742099166
79,9,0.0,0.002083342056721449
79,10,0.0,0.002085705054923892
79,11,0.0,0.0020867683924734592
79,12,0.0,0.0020871697925031185
79,13,0.0,0.0020872605964541435
79,14,0.0,0.00208729924634099
80,0,0.001,0.000997297465801239
80,1,0.0,0.0008237907895818353
80,2,0.001,0.0005326778627932072
80,3,0.001,0.0005212039104662836
80,4,0.0,0.0005142152076587081
80,5,0.0,0.0005109731573611498
80,6,0.0014153168304864,0.0005091676139272749
80,7,0.0107280974030452,0.0005089499172754586
80,8,0.0,0.000508852128405124
80,9,0.0,0.000508816447108984
80,10,0.0007172497975197,0.0005088027683086693
80,11,0.003,0.0005087999161332846
80,12,0.002,0.000508798926603049
80,13,0.001,0.0005087984027341008
80,14,0.001891678022615,0.0005087983445264399
81,0,0.0,0.0
81,1,0.0,0.0
81,2,0.0,0.0
81,3,0.0,0.0
81,4,0.0,0.0
81,5,0.0,0.0
81,6,0.0,0.0
81,7,0.001,0.0
81,8,0.001,0.0
81,9,0.002,0.0
81,10,0.0017400681036667,0.0
81,11,0.002,0.0
81,12,0.002,0.0
81,13,0.0,0.0
81,14,0.0,0.0
82,0,0.001,0.0024544696789234877
82,1,0.001,0.001828343840315938
82,2,0.001,0.0013419371098279953
82,3,0.001,0.0013169462326914072
82,4,0.0,0.0012884809402748942
82,5,0.0,0.001244531711563468
82,6,0.0,0.0012237721821293235
82,7,0.001,0.0012165949447080493
82,8,0.002,0.0012116258731111884
82,9,0.0011589811097981,0.0012084790505468845
82,10,0.002,0.0012069202493876219
82,11,0.005,0.0012061193119734526
82,12,0.004,0.00120565015822649
82,13,0.001,0.001205389853566885
82,14,0.0,0.0012052515521645546
83,0,3.482,16.423036575317383
83,1,2.966,19.06296730041504
83,2,2.841,22.442893981933594
83,3,2.2830000000000004,18.716337203979492
83,4,1.597,23.59400749206543
83,5,1.8188239378433724,26.171398162841797
83,6,0.7897575370856682,28.266342163085938
83,7,0.1429999999999998,29.123645782470703
83,8,0.1370000000000004,30.231630325317383
83,9,0.1299999999999999,31.149459838867188
83,10,0.0849999999999999,31.923063278198242
83,11,0.0839999999999996,32.54770278930664
83,12,0.08,33.08686447143555
83,13,0.0759999999999996,33.55469512939453
83,14,0.0780000000000002,33.962406158447266
84,0,0.416,4.708144664764404
84,1,0.402,5.0517425537109375
84,2,0.4135515580722619,6.473458766937256
84,3,0.648,10.960450172424316
84,4,0.4684037110668155,25.32179069519043
84,5,0.471,44.20509719848633
84,6,0.1842363391218689,87.29930877685547
84,7,0.0819999999999999,182.74403381347656
84,8,0.0829999999999999,387.742919921875
84,9,0.0809999999999999,773.9053955078125
84,10,0.1217492278822099,1577.433837890625
84,11,1.0473035973706613,3237.508544921875
84,12,0.0769999999999999,6639.20263671875
84,13,0.3871339529307797,13540.69140625
84,14,0.0769999999999999,27700.05859375
85,0,0.3399999999999998,6.166944980621338
85,1,55.61,2.539581537246704
85,2,-0.3100000000000005,2.1921114921569824
85,3,-0.3890000000000002,2.0306284427642822
85,4,-0.3159999999999994,2.0189626216888428
85,5,-0.2500000000000004,1.4233318567276
85,6,0.1190000000000002,1.275360345840454
85,7,0.1320000000000001,1.2169151306152344
85,8,0.2621199747858731,1.136313796043396
85,9,0.1790000000000002,1.0308291912078857
85,10,0.2650000000000001,1.0060786008834839
85,11,0.1469999999999998,1.0000888109207153
85,12,0.2329999999999996,0.9878396987915039
85,13,0.1590000000000002,0.971576452255249
85,14,0.1680000000000001,0.9678676724433899
86,0,3.822,34.966041564941406
86,1,58.577,35.616512298583984
86,2,2.5310000000000006,36.87007522583008
86,3,1.893,36.97267150878906
86,4,1.2809999999999997,37.542213439941406
86,5,1.848,38.13456726074219
86,6,1.721,38.67918395996094
86,7,0.2750000000000003,39.136985778808594
86,8,0.2289999999999992,39.60721206665039
86,9,0.3089999999999993,40.06540298461914
86,10,0.3510000000000008,40.49822235107422
86,11,-0.9593051045673188,40.908016204833984
86,12,0.3130000000000006,41.301513671875
86,13,0.2349999999999994,41.677581787109375
86,14,0.2469999999999999,42.03557586669922
87,0,0.204,0.21895840764045715
87,1,0.234,0.23204347491264343
87,2,0.222,0.2445744276046753
87,3,0.26,0.2541324198246002
87,4,0.1205184994005572,0.2596459686756134
87,5,0.0,0.26506391167640686
87,6,0.0,0.2693610191345215
87,7,0.0,0.2726304233074188
87,8,0.0,0.2751607894897461
87,9,0.0,0.2772216498851776
87,10,-8.762194026214198e-05,0.27884066104888916
87,11,0.0,0.28010988235473633
87,12,0.0,0.28111129999160767
87,13,0.0,0.2819049060344696
87,14,0.0,0.28253045678138733
88,0,0.0,0.0
88,1,0.0,0.0
88,2,0.123,0.0
88,3,0.118,0.0
88,4,0.114,0.0
88,5,0.0,0.0
88,6,0.0,0.0
88,7,0.0,0.0
88,8,0.0,0.0
88,9,0.0017392733602996,0.0
88,10,0.0,0.0
88,11,0.0,0.0
88,12,0.0,0.0
88,13,0.0,0.0
88,14,0.0,0.0
89,0,0.0,0.0005761695210821927
89,1,0.0,0.0008451869944110513
89,2,-0.123,0.0010545554105192423
89,3,-0.118,0.0015100252348929644
89,4,-0.1139999999999999,0.0016503706574440002
89,5,0.0,0.001752855721861124
89,6,0.0,0.0018339883536100388
89,7,0.0,0.001897498732432723
89,8,0.0,0.0019327918998897076
89,9,0.0,0.0019579995423555374
89,10,0.0,0.0019758869893848896
89,11,0.0,0.0019881627522408962
89,12,0.0,0.0019962002988904715
89,13,0.0,0.0020017744973301888
89,14,0.0,0.0020056040957570076
90,0,0.204,0.1840975284576416
90,1,0.234,0.18850980699062347
90,2,0.098,0.19214870035648346
90,3,0.142,0.19345422089099884
90,4,0.135,0.19249136745929718
90,5,0.0,0.1931484043598175
90,6,0.0,0.19350449740886688
90,7,0.0172061885975021,0.19365090131759644
90,8,0.0,0.19372723996639252
90,9,0.0,0.19383984804153442
90,10,0.0358160841826141,0.1939087063074112
90,11,0.0,0.19395390152931213
90,12,0.0098808021930935,0.1939876824617386
90,13,0.0,0.19401425123214722
90,14,0.0,0.19403274357318878
91,0,0.001,0.004509692080318928
91,1,0.0,0.004730425775051117
91,2,0.001,0.005076025612652302
91,3,0.004,0.005333533510565758
91,4,0.004,0.005827770102769136
91,5,0.0621985051619614,0.006075508426874876
91,6,0.105,0.006314457394182682
91,7,0.113,0.00653021689504385
91,8,0.121,0.006730982568114996
91,9,0.296,0.006889702286571264
91,10,0.116,0.007030992768704891
91,11,0.477,0.007154722698032856
91,12,0.118,0.007262355647981167
91,13,0.2442038017289891,0.0073545402847230434
91,14,0.144,0.007434958592057228
92,0,0.0,0.049765199422836304
92,1,0.0,0.05505349487066269
92,2,0.0,0.05979405716061592
92,3,0.0,0.05080922693014145
92,4,0.0,0.05595600605010986
92,5,0.0,0.05734315142035484
92,6,0.0,0.05788831412792206
92,7,0.011,0.05761709064245224
92,8,0.008,0.05912906676530838
92,9,0.009,0.05988252907991409
92,10,0.008,0.060502808541059494
92,11,0.006,0.06114315614104271
92,12,0.008,0.061967045068740845
92,13,0.008,0.06264645606279373
92,14,0.008,0.06330893188714981
93,0,0.001,0.038074199110269547
93,1,1.3877787807814457e-17,0.03732771426439285
93,2,0.001,0.03650666028261185
93,3,0.004,0.03325764834880829
93,4,0.004,0.033196546137332916
93,5,0.002,0.03283844143152237
93,6,0.105,0.03255727142095566
93,7,0.125,0.032344840466976166
93,8,0.129,0.03227342665195465
93,9,0.305,0.032214514911174774
93,10,0.124,0.032176289707422256
93,11,0.483,0.03215315192937851
93,12,0.127,0.0321405827999115
93,13,0.519,0.032132264226675034
93,14,0.153,0.032127149403095245
94,0,0.0,0.0
94,1,0.0,0.0
94,2,-6.776263578034403e-21,0.0
94,3,0.0,0.0
94,4,0.0,0.0
94,5,0.0,0.0
94,6,0.0,0.0
94,7,0.0,0.0
94,8,0.0,0.0
94,9,0.0,0.0
94,10,0.0,0.0
94,11,0.0,0.0
94,12,0.001,0.0
94,13,0.0,0.0
94,14,0.0,0.0
95,0,-6.776263578034403e-21,0.0
95,1,-6.776263578034403e-21,0.0
95,2,-6.776263578034403e-21,0.0
95,3,-6.776263578034403e-21,0.0
95,4,-6.776263578034403e-21,0.0
95,5,-6.776263578034403e-21,0.0
95,6,6.776263578034403e-21,0.0
95,7,-6.776263578034403e-21,0.0
95,8,-6.776263578034403e-21,0.0
95,9,-6.776263578034403e-21,0.0
95,10,-6.776263578034403e-21,0.0
95,11,6.776263578034403e-21,0.0
95,12,0.001,0.0
95,13,-6.776263578034403e-21,0.0
95,14,-6.776263578034403e-21,0.0
96,0,222.28292854128603,199.21121215820312
96,1,222.734,207.86968994140625
96,2,239.896,208.34625244140625
96,3,216.703,196.1451416015625
96,4,265.607,193.37210083007812
96,5,308.122,193.3972930908203
96,6,305.536,191.6040496826172
96,7,272.512,187.67877197265625
96,8,221.738,185.15574645996094
96,9,176.118,183.80807495117188
96,10,180.235,182.34092712402344
96,11,156.585,180.471923828125
96,12,154.375,178.84991455078125
96,13,157.091,177.65603637695312
96,14,213.41,176.60345458984375
97,0,53.968,92.55184173583984
97,1,71.113,115.35881042480469
97,2,70.553,145.1164093017578
97,3,61.947,192.24099731445312
97,4,64.46,277.6129455566406
97,5,64.913,357.1916809082031
97,6,48.831,465.0109558105469
97,7,61.933,635.7213134765625
97,8,62.105,865.0508422851562
97,9,59.397,1158.9844970703125
97,10,59.591,1567.9119873046875
97,11,53.65308965779275,2129.0302734375
97,12,48.108,2888.7646484375
97,13,44.058,3923.652587890625
97,14,44.557,5340.8876953125
98,0,-9.207,55.31922912597656
98,1,-47.775000000000006,112.06175994873047
98,2,-3.261000000000003,190.1904296875
98,3,-59.480999999999995,142.12771606445312
98,4,5.017000000000003,133.44004821777344
98,5,28.052712105610567,159.37326049804688
98,6,30.141,58.695560455322266
98,7,58.013002639893834,51.90644836425781
98,8,59.756,-47.22431564331055
98,9,84.835,-33.996646881103516
98,10,92.245,128.06019592285156
98,11,98.127,390.8941345214844
98,12,91.435,428.50518798828125
98,13,163.07,354.70367431640625
98,14,130.144,350.2417907714844
99,0,199.041,189.07110595703125
99,1,174.959,193.95462036132812
99,2,236.635,196.65589904785156
99,3,157.222,196.3446807861328
99,4,270.625,197.9977264404297
99,5,347.494,199.98455810546875
99,6,335.678,201.8250732421875
99,7,309.459,203.4092559814453
99,8,281.495,205.04202270507812
99,9,298.49949808820406,206.71920776367188
99,10,272.48,208.39285278320312
99,11,254.713,210.04104614257812
99,12,245.81,211.6780548095703
99,13,279.29260231671435,213.30880737304688
99,14,343.554,214.93067932128906
100,0,18.346,19.608898162841797
100,1,25.011922878093216,20.31348419189453
100,2,19.297362269083365,20.972200393676758
100,3,18.423,21.618242263793945
100,4,21.085,22.25104331970215
100,5,16.295,22.865814208984375
100,6,12.687,23.46207618713379
100,7,11.683,24.038564682006836
100,8,12.085,24.5947265625
100,9,12.708,25.130332946777344
100,10,12.798,25.645465850830078
100,11,7.891000000000001,26.140464782714844
100,12,6.103999999999999,26.61590576171875
100,13,31.74,27.07250213623047
100,14,4.649000000000001,27.511133193969727
101,0,3.688,28.194677352905273
101,1,1.6979999999999995,35.08531188964844
101,2,1.5830000000000002,34.44871520996094
101,3,4.221,40.72966003417969
101,4,7.226,73.13870239257812
101,5,7.003,89.15958404541016
101,6,6.065,108.11398315429688
101,7,4.851,144.10960388183594
101,8,5.423,200.3956298828125
101,9,5.815,250.57504272460938
101,10,5.871,320.81781005859375
101,11,6.012,425.4971923828125
101,12,4.314,557.7530517578125
101,13,30.086,717.5950927734375
101,14,2.923,935.9493408203125
102,0,-3.668,-16.942279815673828
102,1,-1.6870000000000005,-16.990232467651367
102,2,-1.5760000000000003,-16.669952392578125
102,3,-6.140433256775976,-15.168315887451172
102,4,-7.218,-19.344209671020508
102,5,-7.003,-19.76386260986328
102,6,-6.065,-20.27513885498047
102,7,-4.849,-20.596923828125
102,8,-5.421,-21.616985321044922
102,9,-5.814,-21.979982376098633
102,10,-5.869,-22.343538284301758
102,11,-6.01,-22.629175186157227
102,12,-4.313000000000001,-22.94896125793457
102,13,-30.086,-23.15325164794922
102,14,-2.923,-23.334306716918945
103,0,14.677,1.84769606590271
103,1,14.57,2.99550199508667
103,2,14.246,3.6646571159362793
103,3,14.222,4.418415546417236
103,4,13.867,1.504282832145691
103,5,9.292,1.6072289943695068
103,6,6.621,1.419318437576294
103,7,6.834,1.0680092573165894
103,8,6.664,0.6208824515342712
103,9,6.894,0.5428274869918823
103,10,6.929,0.4462074935436249
103,11,1.88,0.36224740743637085
103,12,1.79,0.30803182721138
103,13,1.6529999999999996,0.2874881625175476
103,14,1.7250000000000003,0.270220547914505
104,0,18.433,21.855491638183594
104,1,18.676,22.101634979248047
104,2,15.921,22.289522171020508
104,3,15.574,22.545360565185547
104,4,13.31,22.77652359008789
104,5,12.244,23.00942039489746
104,6,9.576,23.23907470703125
104,7,10.818173634748174,23.46815299987793
104,8,8.547,23.693958282470703
104,9,8.541,23.916580200195312
104,10,6.732021614136651,24.135387420654297
104,11,6.491,24.34995460510254
104,12,4.314,24.559770584106445
104,13,4.193,24.7644100189209
104,14,2.1929999999999996,24.963462829589844
105,0,17.511,36.075069427490234
105,1,17.742,37.16251754760742
105,2,15.125,43.332462310791016
105,3,14.34560786803046,54.13275146484375
105,4,12.644,69.62361907958984
105,5,11.632,78.8365707397461
105,6,9.097,95.9633560180664
105,7,10.089,116.27827453613281
105,8,8.119,139.137451171875
105,9,8.113,164.38330078125
105,10,6.023,196.8115997314453
105,11,6.253,233.43409729003906
105,12,4.099,275.84759521484375
105,13,4.039,325.38653564453125
105,14,2.083,383.3519287109375
106,0,-17.511,-19.037322998046875
106,1,-17.742,-18.542116165161133
106,2,-15.125,-17.923011779785156
106,3,-14.795,-17.421823501586914
106,4,-12.644,-16.608503341674805
106,5,-11.632,-15.936907768249512
106,6,-9.097,-15.223272323608398
106,7,-10.089,-14.476673126220703
106,8,-8.119,-13.65921401977539
106,9,-8.113,-12.829763412475586
106,10,-6.023,-11.951287269592285
106,11,-6.253,-11.023287773132324
106,12,-4.099,-10.047853469848633
106,13,-4.039,-9.031344413757324
106,14,-2.083,-7.972973823547363
107,0,0.921,0.9963021874427795
107,1,0.933,0.9769418835639954
107,2,0.796,0.9445580840110779
107,3,0.778,0.9235655069351196
107,4,0.665,0.8891903162002563
107,5,0.612,0.8649608492851257
107,6,0.479,0.8399189710617065
107,7,0.531,0.8172639608383179
107,8,0.4321111469852245,0.7946719527244568
107,9,0.427,0.7745506167411804
107,10,0.317,0.7555398941040039
107,11,0.238,0.7380183339118958
107,12,0.2149999999999999,0.7217133045196533
107,13,0.153,0.706798791885376
107,14,0.1089999999999999,0.6930649876594543
108,0,0.2629999999999999,0.30061066150665283
108,1,0.2589999999999994,0.30316415429115295
108,2,0.2519999999999998,0.3085947632789612
108,3,15.303,0.31497737765312195
108,4,15.289,0.3230628967285156
108,5,15.282,0.3290104568004608
108,6,15.302,0.33634325861930847
108,7,13.931841608399894,0.3443361818790436
108,8,13.438,0.35283347964286804
108,9,12.494,0.3613104522228241
108,10,11.537,0.3707506060600281
108,11,10.586,0.3809044659137726
108,12,9.625,0.39173808693885803
108,13,8.679,0.4033065140247345
108,14,7.737,0.415941447019577
109,0,0.2629999999999999,0.5529457330703735
109,1,0.974593205209521,0.6629902124404907
109,2,0.2409999999999996,0.8347126841545105
109,3,7.449591469206351,0.9236169457435608
109,4,14.011,0.9885596036911011
109,5,13.990000000000002,1.1884092092514038
109,6,13.8,1.4386091232299805
109,7,14.24,1.7251354455947876
109,8,13.341067793274714,2.149679183959961
109,9,12.352,2.873270034790039
109,10,11.404,4.074080467224121
109,11,11.279707479703903,6.310547828674316
109,12,9.52,11.127642631530762
109,13,8.579,22.438770294189453
109,14,7.644,49.70533752441406
110,0,-0.2630000000000008,-0.17713862657546997
110,1,-0.258,-0.16220146417617798
110,2,-0.2409999999999996,-0.1450042575597763
110,3,-14.026999999999996,-0.12503482401371002
110,4,-14.011,-0.10326020419597626
110,5,-13.99,-0.09303032606840134
110,6,-13.8,-0.08350331336259842
110,7,-14.24,-0.0750606432557106
110,8,-13.298,-0.06824934482574463
110,9,-11.942783769679242,-0.06347402930259705
110,10,-11.404,-0.059463098645210266
110,11,-10.465,-0.056211866438388824
110,12,-9.52,-0.05366749316453934
110,13,-8.579,-0.051700152456760406
110,14,-7.644,-0.05011473596096039
111,0,0.0,0.016101481392979622
111,1,0.1202905038278283,0.015518836677074432
111,2,0.011,0.014981167390942574
111,3,1.276,0.014494605362415314
111,4,1.278,0.010585838928818703
111,5,1.291,0.010154154151678085
111,6,1.502,0.009801622480154037
111,7,0.155,0.009515617042779922
111,8,0.1389999999999999,0.009283572435379028
111,9,0.141,0.00920753926038742
111,10,0.132,0.009155696257948875
111,11,0.121,0.00912216305732727
111,12,0.1039999999999999,0.00910227745771408
111,13,0.1,0.00909243244677782
111,14,0.093,0.009086346253752708
112,0,1961.849,1111.9239501953125
112,1,1979.611,948.36767578125
112,2,1880.841,808.20166015625
112,3,1858.719,650.494140625
112,4,1761.127,487.8158264160156
112,5,1867.99463202172,367.1494445800781
112,6,1979.879,277.66510009765625
112,7,1788.89,203.19667053222656
112,8,1444.625,143.10304260253906
112,9,1473.83,97.93133544921875
112,10,1293.759,63.650177001953125
112,11,1507.628669124908,37.638023376464844
112,12,1652.637,20.74481773376465
112,13,1777.411,11.0064115524292
112,14,1896.237,5.626514911651611
113,0,227.8,886.1002197265625
113,1,222.535,992.2628784179688
113,2,151.306,1175.06884765625
113,3,149.297,1891.678466796875
113,4,109.117,3590.02880859375
113,5,132.206,4278.259765625
113,6,121.12,5653.099609375
113,7,103.995,9076.2666015625
113,8,106.122,14442.4140625
113,9,91.44033486899755,18686.966796875
113,10,103.636,27001.755859375
113,11,108.413,39927.26171875
113,12,2.5180000000000007,57603.39453125
113,13,2.070999999999998,81087.6953125
113,14,2.781000000000006,117457.515625
114,0,-227.594,-239.5657196044922
114,1,-218.886,-234.8295135498047
114,2,-151.289,-231.66709899902344
114,3,-149.28,-226.0963134765625
114,4,-109.114,-223.46400451660156
114,5,-132.202,-220.45700073242188
114,6,-125.3866053423618,-217.75543212890625
114,7,-125.04550727410032,-214.88162231445312
114,8,-106.122,-212.61257934570312
114,9,-106.499,-210.499755859375
114,10,-103.636,-208.58883666992188
114,11,-108.413,-206.77935791015625
114,12,-2.5180000000000007,-205.1903533935547
114,13,-15.898964024423464,-203.74879455566406
114,14,-2.7309999999999945,-202.44874572753906
115,0,1804.391580933543,1895.9854736328125
115,1,1760.724,1939.8419189453125
115,2,1729.552,1951.9073486328125
115,3,1709.438,1985.5653076171875
115,4,1722.044970263633,2039.11669921875
115,5,1753.491,2074.93701171875
115,6,1858.761,2108.765380859375
115,7,1684.894,2150.999267578125
115,8,1338.502,2194.812255859375
115,9,1327.276817457158,2234.96533203125
115,10,1190.122,2276.757568359375
115,11,1434.21,2321.08837890625
115,12,1650.119,2365.631103515625
115,13,1775.339,2410.220458984375
115,14,1714.3039795958323,2456.159912109375
116,0,0.004,0.49413853883743286
116,1,0.0189999999999999,0.5859250426292419
116,2,0.0189999999999999,0.6767563223838806
116,3,0.314,0.7641794085502625
116,4,0.344,0.8456209897994995
116,5,0.269,0.8995653390884399
116,6,0.248,0.9481222033500671
116,7,0.265358339184189,0.9915966391563416
116,8,0.278,1.0294742584228516
116,9,0.237,1.0621142387390137
116,10,0.183,1.0921363830566406
116,11,0.193,1.1189852952957153
116,12,0.187,1.1429409980773926
116,13,0.185,1.1644461154937744
116,14,0.187,1.1839063167572021
117,0,0.0,0.0001562100078444928
117,1,0.0079999999999999,0.00012000477727269754
117,2,0.0,0.00010139221558347344
117,3,-0.0020642165878105,8.102598803816363e-05
117,4,0.1201147961578934,8.098877151496708e-05
117,5,0.2249999999999999,7.983008254086599e-05
117,6,0.2012716683678831,7.926811667857692e-05
117,7,0.2176217736116022,7.900365017121658e-05
117,8,0.2289999999999999,7.896269380580634e-05
117,9,0.2269999999999999,7.89336918387562e-05
117,10,0.176,7.89216355769895e-05
117,11,0.182,7.891703717177734e-05
117,12,0.176,7.891593122621998e-05
117,13,0.172,7.891514542279765e-05
117,14,0.1631315061233488,7.891483255662024e-05
118,0,0.165,0.10749799013137817
118,1,0.158,0.10103219747543335
118,2,0.162,0.09701043367385864
118,3,-0.081,0.0944274365901947
118,4,-0.077,0.09267683327198029
118,5,-0.107,0.09212534129619598
118,6,-0.0989999999999999,0.09182563424110413
118,7,-0.098,0.09166659414768219
118,8,-0.098,0.09158684313297272
118,9,-0.096,0.09155140817165375
118,10,-0.1479172203375318,0.09153340756893158
118,11,-0.182,0.09152445197105408
118,12,-0.176,0.09152008593082428
118,13,-0.172,0.09151798486709595
118,14,-0.178,0.09151695668697357
119,0,0.169,0.6986075043678284
119,1,0.178,0.7773605585098267
119,2,0.182,0.8588511347770691
119,3,0.233,0.9709965586662292
119,4,0.267,1.12284255027771
119,5,0.161,1.2056818008422852
119,6,0.149,1.2942593097686768
119,7,0.168,1.3904253244400024
119,8,0.18,1.484938383102417
119,9,0.14,1.5664907693862915
119,10,0.006,1.6489521265029907
119,11,0.011,1.730979323387146
119,12,0.01,1.810254693031311
119,13,0.012,1.8863487243652344
119,14,0.008,1.9617435932159424
120,0,1789.323,1711.8572998046875
120,1,2006.858,1739.65087890625
120,2,2017.88,1747.811767578125
120,3,2242.335,1752.5601806640625
120,4,2096.288,1734.0263671875
120,5,2137.758,1741.3438720703125
120,6,2209.119,1741.7178955078125
120,7,2340.613,1739.1195068359375
120,8,2521.6,1736.247314453125
120,9,2384.13,1737.071533203125
120,10,2378.182194075021,1735.83056640625
120,11,2462.222,1734.2674560546875
120,12,2396.259,1733.2032470703125
120,13,2275.079,1732.4635009765625
120,14,2412.177,1731.2794189453125
121,0,26.519,43.96379852294922
121,1,26.736,55.112266540527344
121,2,32.61,75.02912902832031
121,3,45.7,111.72510528564453
121,4,30.696,168.62278747558594
121,5,23.358,234.9497528076172
121,6,25.901,339.1539001464844
121,7,39.302,505.956787109375
121,8,38.581,739.5469970703125
121,9,33.793,1071.9840087890625
121,10,31.92463546009595,1581.2958984375
121,11,35.13745553624786,2334.04052734375
121,12,30.147,3422.493896484375
121,13,29.338,5022.33935546875
121,14,37.543,7400.19775390625
122,0,2.405000000000001,9.374004364013672
122,1,4.765000000000001,10.782649040222168
122,2,2.844999999999999,11.067790031433105
122,3,-9.470000000000006,3.686800718307495
122,4,14.354999999999997,2.7521214485168457
122,5,71.564,2.7561044692993164
122,6,25.814,1.6608703136444092
122,7,281.888,0.5965268611907959
122,8,262.545,0.47623780369758606
122,9,50.614,0.3704190254211426
122,10,106.095,0.21885907649993896
122,11,95.833,0.1417476236820221
122,12,65.898,0.1329834759235382
122,13,85.101,0.12856566905975342
122,14,31.577,0.12657159566879272
123,0,1791.729,1708.5697021484375
123,1,2011.624,1702.6007080078125
123,2,2020.725,1669.640380859375
123,3,2232.864,1658.7027587890625
123,4,2110.643,1623.2601318359375
123,5,2209.323,1603.666259765625
123,6,2234.934,1577.2274169921875
123,7,2622.501,1555.7283935546875
123,8,2784.146,1530.8280029296875
123,9,2434.744,1508.6885986328125
123,10,2595.303,1485.4344482421875
123,11,2558.055,1463.3843994140625
123,12,2462.157,1441.0087890625
123,13,2504.9035025792,1419.3475341796875
123,14,2443.754,1397.7235107421875
124,0,0.009,0.07241099327802658
124,1,0.012,0.07209647446870804
124,2,0.01,0.06913489103317261
124,3,0.018,0.06537657231092453
124,4,0.0139999999999999,0.06947005540132523
124,5,0.0059999999999999,0.06941423565149307
124,6,0.028,0.06925751268863678
124,7,0.039,0.06931246072053909
124,8,0.049,0.0696248710155487
124,9,0.048,0.06966136395931244
124,10,0.043,0.06969347596168518
124,11,0.041,0.06973627209663391
124,12,0.033,0.0697747990489006
124,13,0.036,0.06979145109653473
124,14,0.044,0.06980480998754501
125,0,0.0,0.0
125,1,0.004,0.0
125,2,0.0,0.0
125,3,0.0,0.0
125,4,0.0,0.0
125,5,0.0,0.0
125,6,7.209192843865258e-05,0.0
125,7,0.0,0.0
125,8,0.0,0.0
125,9,0.0,0.0
125,10,0.0,0.0
125,11,0.0,0.0
125,12,0.0,0.0
125,13,0.002,0.0
125,14,0.0,0.0
126,0,0.033,0.0
126,1,0.0289999999999999,0.0
126,2,0.0,0.0
126,3,0.0,0.0
126,4,0.0,0.0
126,5,0.0,0.0
126,6,0.0,0.0
126,7,0.0,0.0
126,8,0.0,0.0
126,9,0.0,0.0
126,10,0.0,0.0
126,11,0.0,0.0
126,12,0.0,0.0
126,13,0.0,0.0
126,14,0.0,0.0
127,0,0.042,0.06535552442073822
127,1,0.042,0.05984458327293396
127,2,0.01,0.05027346685528755
127,3,0.018,0.03917872533202171
127,4,0.0139999999999999,0.04320769011974335
127,5,0.0059999999999999,0.03943580761551857
127,6,0.028,0.03599702939391136
127,7,0.039,0.03354981169104576
127,8,0.049,0.03244740143418312
127,9,0.048,0.030593864619731903
127,10,0.043,0.029063411056995392
127,11,0.041,0.027848267927765846
127,12,0.033,0.02684045024216175
127,13,0.0340140698179046,0.02586551569402218
127,14,0.044,0.025040511041879654
128,0,0.0,-0.008804481476545334
128,1,0.0,-0.0103471539914608
128,2,0.0,-0.0118209607899189
128,3,0.0,-0.013206519186496735
128,4,0.0,-0.014471232891082764
128,5,0.0,-0.015150073915719986
128,6,0.0,-0.015695367008447647
128,7,0.0,-0.016118139028549194
128,8,0.0,-0.016431376338005066
128,9,0.0,-0.01665102317929268
128,10,0.0,-0.016816679388284683
128,11,0.0,-0.016939621418714523
128,12,0.0,-0.01702984794974327
128,13,0.0,-0.01709592714905739
128,14,0.0,-0.017144877463579178
129,0,0.0,0.00039525527972728014
129,1,0.0,0.0003828073386102915
129,2,0.0,0.0003737660590559244
129,3,0.0,0.0003672301536425948
129,4,0.0,0.0003625173703767359
129,5,0.0,0.00036315337638370693
129,6,0.0,0.00036348612047731876
129,7,0.0,0.00036363390972837806
129,8,0.0,0.0003636737819761038
129,9,0.0,0.0003636543406173587
129,10,0.0,0.00036364683182910085
129,11,0.0,0.00036364482366479933
129,12,0.0,0.0003636448527686298
129,13,0.0,0.000363645376637578
129,14,0.0,0.0003636454348452389
130,0,0.28,0.2520965039730072
130,1,0.001,0.24614310264587402
130,2,0.261,0.23852016031742096
130,3,0.268,0.22766482830047607
130,4,0.0079999999999999,0.22224649786949158
130,5,0.002,0.21708612143993378
130,6,0.006,0.21268892288208008
130,7,0.005,0.20949865877628326
130,8,0.004,0.20682016015052795
130,9,0.007775848074505,0.204678475856781
130,10,0.0119999999999999,0.2029954493045807
130,11,0.0109999999999999,0.20163531601428986
130,12,0.0099999999999999,0.2005518227815628
130,13,0.0119999999999999,0.19968868792057037
130,14,0.016,0.19899800419807434
131,0,0.0,0.0020277085714042187
131,1,0.27,0.002361604478210211
131,2,0.0,0.002697482705116272
131,3,0.0,0.003026072634384036
131,4,0.0,0.0033525554463267326
131,5,0.0,0.0035252871457487345
131,6,0.0,0.003671689424663782
131,7,0.0,0.0037908190861344337
131,8,0.0,0.003882702672854066
131,9,0.0,0.003948757890611887
131,10,0.0,0.0040008919313549995
131,11,0.0,0.004041182342916727
131,12,0.0,0.004071854054927826
131,13,0.0,0.00409530196338892
131,14,-1.734723475976807e-18,0.004113838076591492
132,0,0.28,0.5444966554641724
132,1,0.272,0.585635244846344
132,2,0.261,0.606457531452179
132,3,0.268,0.6074551939964294
132,4,0.008,0.5907217860221863
132,5,0.0655093355865126,0.5844882130622864
132,6,0.006,0.5809878706932068
132,7,0.005,0.5802789330482483
132,8,0.004,0.5813219547271729
132,9,0.003,0.5819844603538513
132,10,0.012,0.5824218392372131
132,11,0.0151102188454962,0.5825662612915039
132,12,0.01,0.5825263857841492
132,13,0.012,0.5824711322784424
132,14,0.0228845215600141,0.582425057888031
133,0,9919.247,9190.306640625
133,1,9052.024,8787.2109375
133,2,8945.64,8577.9755859375
133,3,8735.494,8252.796875
133,4,8795.791,7938.958984375
133,5,7756.774,7656.19140625
133,6,9209.119158382437,7400.19677734375
133,7,11803.221965314013,7129.541015625
133,8,16660.803,6872.96923828125
133,9,17245.049,6630.50341796875
133,10,11609.178,6396.572265625
133,11,8406.632,6167.2021484375
133,12,11503.727,5947.70751953125
133,13,14225.357,5736.7412109375
133,14,13083.586600173832,5532.78466796875
134,0,728.897,4092.810546875
134,1,733.879,3089.770263671875
134,2,929.012,3007.861572265625
134,3,887.1,8364.349609375
134,4,886.134,21098.435546875
134,5,666.3734210769752,10355.3310546875
134,6,485.535,21652.37109375
134,7,536.17,62277.4609375
134,8,575.711,102714.8203125
134,9,574.066,51575.1875
134,10,535.644,161417.40625
134,11,580.874,374136.1875
134,12,512.981,457982.625
134,13,594.929,311343.4375
134,14,635.601,897427.375
135,0,-536.576,-301.1660461425781
135,1,-560.6503421526863,-259.800537109375
135,2,-756.834,-329.71875
135,3,-729.637,-362.988037109375
135,4,-678.269,-246.25326538085938
135,5,-287.693,-271.7489013671875
135,6,-277.746,-401.8081970214844
135,7,-371.6093246808408,-333.8239440917969
135,8,-427.699,-257.048095703125
135,9,-460.612,-303.79638671875
135,10,-398.504,-414.452880859375
135,11,-387.7323396498278,-253.81549072265625
135,12,-428.617,-281.5966491699219
135,13,-513.239,-420.279541015625
135,14,-522.148,-426.54925537109375
136,0,9382.67,9667.72265625
136,1,8529.502,9269.9951171875
136,2,8188.806,9211.173828125
136,3,8005.857,9335.447265625
136,4,8117.522,9328.54296875
136,5,7469.08,9191.119140625
136,6,8047.081,9241.9990234375
136,7,10184.507,9216.1123046875
136,8,16233.104,9167.732421875
136,9,12746.98608058886,9140.1376953125
136,10,11210.674,9127.478515625
136,11,7901.22,9092.4892578125
136,12,11075.109,9063.7333984375
136,13,13712.118,9042.029296875
136,14,12472.155,9014.0732421875
137,0,8.646999999999995,5.73213005065918
137,1,8.685000000000002,4.425989627838135
137,2,8.533999999999999,3.7363293170928955
137,3,8.311,2.86832594871521
137,4,10.904429486957875,1.6878087520599365
137,5,7.062999999999999,1.1466984748840332
137,6,6.641000000000002,0.8623406291007996
137,7,19.483858808701846,0.6366007328033447
137,8,12.61,0.47249647974967957
137,9,51.512,0.4120582342147827
137,10,54.713,0.3930668830871582
137,11,60.311,0.3885059952735901
137,12,57.134,0.39065393805503845
137,13,132.548,0.39894765615463257
137,14,141.488,0.40149396657943726
138,0,0.3299999999999983,0.6967948079109192
138,1,0.3230000000000004,0.7744520306587219
138,2,0.2890000000000015,0.8914498686790466
138,3,0.2890000000000015,1.1556127071380615
138,4,0.2689999999999983,1.604392170906067
138,5,0.2699999999999996,2.17926287651062
138,6,0.2519999999999989,3.3062613010406494
138,7,0.2740000000000009,5.87205696105957
138,8,0.2510000000000012,12.414759635925293
138,9,39.525,29.84554100036621
138,10,42.543,76.60977935791016
138,11,47.807,204.68569946289062
138,12,52.1522905085977,558.1527709960938
138,13,62.013000000000005,1527.321044921875
138,14,130.06,4149.3857421875
139,0,7.1240000000000006,12.867385864257812
139,1,3.328999999999999,13.864246368408203
139,2,3.2840000000000007,10.600906372070312
139,3,5.683999999999999,12.927057266235352
139,4,7.731,16.64911460876465
139,5,7.580000000000004,19.231443405151367
139,6,7.073999999999996,21.07990837097168
139,7,-0.2379999999999995,25.736120223999023
139,8,2.7829999999999995,31.28107452392578
139,9,-36.595,36.7921028137207
139,10,-39.716,42.780033111572266
139,11,-44.804,50.83895492553711
139,12,2.917,59.8868408203125
139,13,-59.07800000000001,69.68492889404297
139,14,-127.672,80.9942855834961
140,0,15.771,17.95334815979004
140,1,18.29597456054273,19.681671142578125
140,2,11.818,14.307355880737305
140,3,13.996,10.988265037536621
140,4,15.588,9.71951961517334
140,5,14.643,8.908889770507812
140,6,13.715,8.30353832244873
140,7,12.368,7.82153844833374
140,8,15.393,7.369544506072998
140,9,14.917,6.945315361022949
140,10,14.997,6.548332214355469
140,11,15.506,6.175222873687744
140,12,60.052,5.822570323944092
140,13,73.47,5.486116886138916
140,14,13.815,5.163201332092285
141,0,46.104,38.54255676269531
141,1,77.348,42.422767639160156
141,2,82.243,45.80139923095703
141,3,80.765,48.92854309082031
141,4,94.014,52.32089614868164
141,5,61.515,56.10514450073242
141,6,61.534,60.02649688720703
141,7,81.286,64.05721282958984
141,8,85.16964164271432,68.1219253540039
141,9,81.785776704345,72.08206939697266
141,10,70.981,75.7843017578125
141,11,104.097,79.06244659423828
141,12,79.379,81.75110626220703
141,13,80.788,83.70977783203125
141,14,97.373,84.84449005126953
142,0,3.933,9.62838077545166
142,1,3.981,10.94914436340332
142,2,4.872,12.752849578857422
142,3,4.301,19.991518020629883
142,4,4.188,34.60747146606445
142,5,3.866,48.79838943481445
142,6,4.774,74.43601989746094
142,7,5.53,121.72650146484375
142,8,7.108,192.77114868164062
142,9,7.02,291.73388671875
142,10,7.641162067941494,457.0080871582031
142,11,8.123,719.0734252929688
142,12,8.061,1118.735107421875
142,13,7.867,1734.2489013671875
142,14,6.792,2705.952392578125
143,0,1.991999999999999,38.33829879760742
143,1,3.3019999999999996,29.329221725463867
143,2,-3.306000000000001,43.157867431640625
143,3,-0.5370000000000008,22.545387268066406
143,4,8.374,33.82429885864258
143,5,6.006,31.87763786315918
143,6,4.264,33.48456573486328
143,7,1.0220000000000011,28.03692626953125
143,8,2.544433705475231,31.630220413208008
143,9,3.603,30.849939346313477
143,10,2.16,30.45166015625
143,11,-3.1419999999999995,29.005653381347656
143,12,-3.125999999999999,29.98724937438965
143,13,-1.602999999999998,29.458820343017578
143,14,-0.8640000000000008,28.95480728149414
144,0,67.08192306894811,53.28644561767578
144,1,80.651,48.35702896118164
144,2,78.936,52.12464141845703
144,3,80.227,59.96966552734375
144,4,102.389,65.68714141845703
144,5,67.521,75.66911315917969
144,6,65.799,76.15265655517578
144,7,82.308,67.44424438476562
144,8,83.8979930108004,53.12179183959961
144,9,78.488,47.46445083618164
144,10,73.141,48.83057403564453
144,11,100.955,51.532203674316406
144,12,79.27357225174251,58.02096176147461
144,13,79.184,67.14314270019531
144,14,96.509,76.06452941894531
145,0,16.709,13.890057563781738
145,1,17.12,14.158172607421875
145,2,16.598,13.91855239868164
145,3,15.943,13.57347297668457
145,4,15.634,12.598780632019043
145,5,14.37,12.52182674407959
145,6,14.042,12.17110824584961
145,7,15.398,11.7935791015625
145,8,15.47,11.355557441711426
145,9,15.222,11.129637718200684
145,10,15.118,10.793078422546387
145,11,15.529,10.462515830993652
145,12,15.263,10.136282920837402
145,13,14.863,9.850723266601562
145,14,15.392,9.52326774597168
146,0,16.617,53.588829040527344
146,1,16.957,70.77466583251953
146,2,16.502,98.62322998046875
146,3,15.843,153.4993438720703
146,4,15.345,269.3070373535156
146,5,14.333,396.2238464355469
146,6,13.964,569.9951782226562
146,7,15.135,886.5988159179688
146,8,15.148,1400.8299560546875
146,9,15.124,2130.56787109375
146,10,15.012,3142.920654296875
146,11,15.377,4735.60888671875
146,12,14.888,7454.77392578125
146,13,14.699,11445.138671875
146,14,15.209,16736.916015625
147,0,-16.617,-21.652387619018555
147,1,-16.949,-24.618505477905273
147,2,-16.502,-25.910961151123047
147,3,-15.304913439718431,-27.402746200561523
147,4,-15.625497992549302,-31.33184242248535
147,5,-14.333,-34.57353973388672
147,6,-13.964,-36.346885681152344
147,7,-15.135,-37.96095275878906
147,8,-15.148,-40.87229537963867
147,9,-15.124,-43.803985595703125
147,10,-15.012,-45.78766632080078
147,11,-15.377,-47.3642463684082
147,12,-14.888,-49.65494155883789
147,13,-14.698,-52.21855926513672
147,14,-15.208,-54.235443115234375
148,0,0.091,0.1798548698425293
148,1,0.171,0.1823323667049408
148,2,0.095,0.1849498748779297
148,3,0.1,0.18797467648983002
148,4,0.289,0.19152997434139252
148,5,0.0369999999999999,0.19247671961784363
148,6,0.078,0.1932837814092636
148,7,0.263,0.19395673274993896
148,8,0.321,0.1944732815027237
148,9,0.098,0.19471511244773865
148,10,0.105,0.19489777088165283
148,11,0.2110960410851043,0.19503098726272583
148,12,0.375,0.19512158632278442
148,13,0.3253776814698891,0.19517502188682556
148,14,0.184,0.1952129304409027
149,0,736.3847172404808,949.0755004882812
149,1,848.027,970.6538696289062
149,2,712.701,997.8803100585938
149,3,587.2950000000001,957.6456298828125
149,4,594.059,929.4005126953125
149,5,3883.604,940.0311279296875
149,6,3709.620135225741,940.711669921875
149,7,4060.687,914.5364379882812
149,8,4432.919,900.9747924804688
149,9,3436.88,902.068359375
149,10,3362.015,894.1759643554688
149,11,2307.839,876.9932250976562
149,12,2399.061341900207,868.0780639648438
149,13,1775.8989347036595,863.7291259765625
149,14,872.001,853.9473266601562
150,0,376.2853832674026,407.21051025390625
150,1,403.49,590.1135864257812
150,2,386.327,512.7009887695312
150,3,330.325,810.7748413085938
150,4,311.833,655.5078735351562
150,5,280.403,1372.720703125
150,6,254.001,888.1436767578125
150,7,277.655,3183.416015625
150,8,272.611,1644.484130859375
150,9,261.571,5249.28076171875
150,10,271.067,3098.7294921875
150,11,277.04,2031.7608642578125
150,12,258.255,8958.2197265625
150,13,252.7042363909113,20016.603515625
150,14,240.944,12797.7275390625
151,0,307.154,-365.0244445800781
151,1,162.957,-2236.791748046875
151,2,130.771,-4831.08203125
151,3,251.213,-1697.8682861328125
151,4,315.701,-2266.23388671875
151,5,259.509,-3482.068359375
151,6,178.267,-1852.2996826171875
151,7,111.4558807485367,-2564.58837890625
151,8,-41.94799999999998,-2694.053955078125
151,9,-69.51799999999997,-2765.2333984375
151,10,-108.61200000000002,-2788.511962890625
151,11,-107.61899999999996,-3049.7939453125
151,12,-82.14299999999997,-2339.595703125
151,13,-113.402,-1457.6788330078125
151,14,-43.057000000000016,-2549.2373046875
152,0,1225.859,1552.269775390625
152,1,1010.985,1474.2960205078125
152,2,843.472,1531.274169921875
152,3,838.508,1385.616943359375
152,4,909.761,1435.3885498046875
152,5,4143.113,1405.838134765625
152,6,4468.544,1391.81201171875
152,7,4064.294,1349.4188232421875
152,8,4390.971,1346.930419921875
152,9,3367.362,1324.9398193359375
152,10,3253.402,1305.18408203125
152,11,2200.22,1282.898193359375
152,12,3559.014,1268.36767578125
152,13,3040.013,1249.1513671875
152,14,828.944,1230.706298828125
153,0,4.8629999999999995,4.475782871246338
153,1,4.969999999999999,4.431879997253418
153,2,4.835000000000001,4.091507911682129
153,3,7.664999999999999,3.9259982109069824
153,4,7.401,3.709831953048706
153,5,6.893000000000001,3.5665109157562256
153,6,11.75,3.404545307159424
153,7,32.464,3.272087335586548
153,8,33.23,3.148177146911621
153,9,48.425,3.041409969329834
153,10,62.113,2.9410409927368164
153,11,88.67,2.852119207382202
153,12,76.10241666603488,2.7718958854675293
153,13,83.662,2.70003342628479
153,14,82.993,2.6359291076660156
154,0,0.098,0.0491008497774601
154,1,0.0415555722155626,0.03908609226346016
154,2,0.0,0.030551018193364143
154,3,0.0,0.02410753071308136
154,4,0.0,0.01879926025867462
154,5,0.0,0.0164767038077116
154,6,0.0,0.014856310561299324
154,7,0.0,0.013778027147054672
154,8,0.0,0.013085972517728806
154,9,0.0,0.012680642306804657
154,10,0.0,0.012416958808898926
154,11,0.0,0.012249091640114784
154,12,0.0,0.012143773958086967
154,13,0.0,0.012078206986188889
154,14,0.0,0.012036539614200592
155,0,-0.0979999999999998,0.8643229603767395
155,1,0.5809999999999995,0.8197683691978455
155,2,0.7617968705155285,0.8107414245605469
155,3,0.2770000000000001,0.8029251098632812
155,4,0.0229999999999996,0.7356938719749451
155,5,41.531000000000006,0.7041378021240234
155,6,30.433,0.6765003800392151
155,7,0.157,0.6438757181167603
155,8,0.7626886724408539,0.6051476001739502
155,9,0.1639999999999997,0.5747761130332947
155,10,0.165,0.5450692772865295
155,11,0.7644982511048646,0.5152450799942017
155,12,0.1669999999999998,0.48652979731559753
155,13,1.3350000000000004,0.460592657327652
155,14,0.6550000000000002,0.4359741806983948
156,0,4.765000000000001,5.161801338195801
156,1,5.552,5.083553791046143
156,2,5.126000000000001,4.9309000968933105
156,3,7.942999999999998,4.742748737335205
156,4,23.940436496040224,4.370257377624512
156,5,48.425,4.1751580238342285
156,6,42.184,3.9413843154907227
156,7,32.621,3.6960718631744385
156,8,49.73301041388574,3.435072183609009
156,9,48.59,3.2093346118927
156,10,62.279,2.9784677028656006
156,11,88.857,2.753967761993408
156,12,80.969,2.539271116256714
156,13,84.997,2.341249942779541
156,14,83.648,2.1548385620117188
157,0,27.107,28.41362762451172
157,1,21.677,28.185026168823242
157,2,16.885,28.444913864135742
157,3,16.755,28.387226104736328
157,4,14.268,28.468597412109375
157,5,14.216,28.464271545410156
157,6,11.634,28.49796485900879
157,7,11.076619197746949,28.505460739135742
157,8,9.913,28.522062301635742
157,9,11.466,28.529865264892578
157,10,7.465,28.539182662963867
157,11,4.947000000000001,28.545116424560547
157,12,0.8140000000000001,28.55077362060547
157,13,2.2529999999999983,28.554893493652344
157,14,0.8879999999999981,28.5584774017334
158,0,26.702999999999996,52.27595138549805
158,1,20.27,56.93403625488281
158,2,15.871,67.01461791992188
158,3,15.674,83.18211364746094
158,4,13.451,107.3248519897461
158,5,13.029,127.33799743652344
158,6,10.643,156.17379760742188
158,7,11.545,192.95843505859375
158,8,9.354,237.94683837890625
158,9,9.303,290.61419677734375
158,10,6.922,358.14520263671875
158,11,2.2219999999999995,441.2857360839844
158,12,2.1131181484637587,542.9683227539062
158,13,0.2940000000000005,668.0553588867188
158,14,0.2479999999999993,823.197265625
159,0,-26.703,-38.25831604003906
159,1,-19.957,-43.685367584228516
159,2,-15.564,-46.758827209472656
159,3,-15.359,-50.218421936035156
159,4,-13.441,-56.555076599121094
159,5,-13.02,-62.08295822143555
159,6,-11.311032787563484,-66.88302612304688
159,7,-11.493,-71.88172912597656
159,8,-9.3,-77.72992706298828
159,9,-9.24,-83.62056732177734
159,10,-6.862,-89.55899047851562
159,11,-2.154,-95.7582015991211
159,12,-0.2300000000000004,-102.42068481445312
159,13,-0.2289999999999974,-109.44770812988281
159,14,-0.1929999999999996,-116.88936614990234
160,0,0.404,0.38903865218162537
160,1,1.72,0.3836207687854767
160,2,1.32,0.38496679067611694
160,3,1.396,0.3891439139842987
160,4,0.926620334636358,0.38544461131095886
160,5,1.195,0.38520413637161255
160,6,0.999,0.38524875044822693
160,7,0.698,0.38521474599838257
160,8,0.612,0.3850156366825104
160,9,2.225,0.38498544692993164
160,10,2.3155141824015235,0.3849687874317169
160,11,2.792,0.3849511742591858
160,12,0.583,0.3849365711212158
160,13,2.024,0.38493141531944275
160,14,0.694,0.38492801785469055
161,0,0.0,0.3655466139316559
161,1,0.0,0.36442872881889343
161,2,0.0,0.3551022410392761
161,3,0.0,0.3414744734764099
161,4,0.0,0.3264204263687134
161,5,0.0,0.3269844055175781
161,6,0.0,0.32829833030700684
161,7,0.0,0.3296172022819519
161,8,0.0,0.3303890824317932
161,9,0.0,0.3302874267101288
161,10,0.0,0.33014965057373047
161,11,0.0,0.3300492763519287
161,12,0.0,0.3300136625766754
161,13,0.0,0.33002617955207825
161,14,0.0,0.33003830909729004
162,0,0.0,0.02499697357416153
162,1,0.0,0.026694249361753464
162,2,0.0,0.028417691588401794
162,3,0.0,0.0302119143307209
162,4,0.0,0.031768884509801865
162,5,0.0,0.03216034546494484
162,6,0.0,0.03245699033141136
162,7,0.0,0.0326625220477581
162,8,0.0,0.03278280794620514
162,9,0.0,0.032836806029081345
162,10,0.0,0.032871875911951065
162,11,0.0,0.032892949879169464
162,12,0.0,0.03290465474128723
162,13,0.0,0.03291098773479462
162,14,0.0,0.032914791256189346
163,0,6.072,2.346802234649658
163,1,6.064,2.107177972793579
163,2,3.467,1.7246273756027222
163,3,3.395,1.3156081438064575
163,4,3.222,0.7853264212608337
163,5,3.017,0.6025818586349487
163,6,2.6320888152670348,0.45521318912506104
163,7,0.0249999999999999,0.3470478355884552
163,8,3.17,0.27440717816352844
163,9,3.179,0.23535595834255219
163,10,3.102,0.2089851349592209
163,11,3.238,0.1919674426317215
163,12,3.15,0.18134547770023346
163,13,3.125,0.17490562796592712
163,14,3.267,0.1707403063774109
164,0,2.449,0.11580583453178406
164,1,2.497,0.13073502480983734
164,2,0.0,0.14153382182121277
164,3,0.0,0.1496504247188568
164,4,0.0,0.15573015809059143
164,5,0.0032766910433439,0.15802882611751556
164,6,0.0,0.15945316851139069
164,7,0.0,0.16031917929649353
164,8,0.0010405644717093,0.16081705689430237
164,9,0.0,0.16107600927352905
164,10,0.0,0.1612265706062317
164,11,0.0,0.1613127738237381
164,12,0.0,0.16136115789413452
164,13,0.0,0.1613880693912506
164,14,0.0,0.1614033579826355
165,0,-2.449,-0.483970046043396
165,1,-2.392,-0.6483154892921448
165,2,0.0,-0.825229823589325
165,3,0.0,-0.9062821269035339
165,4,0.0,-0.873858630657196
165,5,0.0,-0.8541156053543091
165,6,0.0,-0.8353611826896667
165,7,0.0,-0.8296252489089966
165,8,-0.2054952850378265,-0.8296265602111816
165,9,0.0,-0.8306652903556824
165,10,0.0,-0.8317064046859741
165,11,0.0,-0.8321268558502197
165,12,-0.2054952850378265,-0.8322075605392456
165,13,0.0,-0.8321696519851685
165,14,0.0,-0.832115888595581
166,0,3.623,2.4499733448028564
166,1,3.671,2.0520339012145996
166,2,3.467,1.8441543579101562
166,3,3.395,1.613399863243103
166,4,3.2508865989443954,1.0887649059295654
166,5,3.017,0.9337378740310669
166,6,2.84,0.8206316232681274
166,7,3.2773107558865244,0.7239723801612854
166,8,3.17,0.643809974193573
166,9,3.179,0.6054445505142212
166,10,3.102,0.5784632563591003
166,11,3.238,0.5598599314689636
166,12,3.15,0.5468806028366089
166,13,3.8355519684619264,0.5394799709320068
166,14,3.267,0.534646213054657
167,0,0.001,0.0007472129072993994
167,1,0.005,0.0006904702167958021
167,2,0.008,0.0006163431680761278
167,3,0.003,0.0005583860329352319
167,4,0.002,0.0005130249774083495
167,5,0.0048963243505873,0.0005094804218970239
167,6,0.0041417225251535,0.000507136806845665
167,7,0.019,0.0005058602546341717
167,8,0.0199999999999999,0.0005052966880612075
167,9,0.003,0.0005051965126767755
167,10,0.003,0.0005051449406892061
167,11,0.002,0.000505122123286128
167,12,0.003,0.0005051136831752956
167,13,0.004,0.0005051115294918418
167,14,0.003,0.0005051104817539454
168,0,0.001,0.0008636355632916093
168,1,0.005,0.0007360611343756318
168,2,0.0049866118247479,0.0005964807933196425
168,3,0.003,0.0004925201064907014
168,4,0.002,0.0004154873895458877
168,5,0.0030245743136839,0.0004034286248497665
168,6,0.003,0.00039584661135450006
168,7,0.019,0.00039173790719360113
168,8,0.0199999999999999,0.0003898233990184963
168,9,0.003,0.0003892420791089535
168,10,0.003,0.0003889417857863009
168,11,0.002,0.00038880150532349944
168,12,0.003,0.0003887421335093677
168,13,0.004,0.00038871890865266323
168,14,0.003,0.0003887080238200724
169,0,24.41,22.599849700927734
169,1,20.906,21.199386596679688
169,2,21.058,19.78308868408203
169,3,17.585,17.831459045410156
169,4,22.48147524704396,16.295804977416992
169,5,30.187609762197873,14.812841415405273
169,6,34.778,13.272618293762207
169,7,31.054,11.68730640411377
169,8,31.695,10.190670013427734
169,9,29.242,8.718830108642578
169,10,29.868,7.2687225341796875
169,11,25.585,5.882501125335693
169,12,26.146,4.610210418701172
169,13,21.931,3.487104892730713
169,14,24.63286523857437,2.553025245666504
170,0,24.181,91.18685150146484
170,1,19.99316522670517,104.00950622558594
170,2,19.194,118.09342956542969
170,3,16.141,173.284912109375
170,4,16.141,314.84136962890625
170,5,31.489,387.2626037597656
170,6,31.489,492.7986755371094
170,7,30.909,681.0882568359375
170,8,30.909,1023.925048828125
170,9,29.09,1295.9581298828125
170,10,29.09,1709.467041015625
170,11,25.454,2328.783447265625
170,12,23.936109463273304,3273.736328125
170,13,21.818,4228.4814453125
170,14,21.818,5657.49169921875
171,0,-24.142,-25.27560043334961
171,1,-19.12134923982689,-25.03143310546875
171,2,-19.194,-24.728572845458984
171,3,-16.127,-23.84238624572754
171,4,-16.128,-23.8852481842041
171,5,-31.447,-23.818525314331055
171,6,-31.442,-23.655963897705078
171,7,-30.745,-23.3914852142334
171,8,-30.909,-23.34119415283203
171,9,-29.09,-23.3070068359375
171,10,-29.09,-23.23808479309082
171,11,-25.454,-23.149633407592773
171,12,-26.92183529930424,-23.11517906188965
171,13,-21.805,-23.095508575439453
171,14,-21.475119095996817,-23.067163467407227
172,0,0.267,0.6140131950378418
172,1,1.782,0.6802916526794434
172,2,1.864,0.7227851748466492
172,3,1.458,0.7547653913497925
172,4,1.6149999999999998,0.7843911647796631
172,5,2.844,0.7986266016960144
172,6,1.8137802823937808,0.8084619641304016
172,7,0.309,0.8154109716415405
172,8,0.2766912182437467,0.820220947265625
172,9,0.151,0.8232718706130981
172,10,0.1594318021029157,0.8254091143608093
172,11,0.13,0.8268786668777466
172,12,0.691,0.8278764486312866
172,13,0.126,0.8285453915596008
172,14,0.608,0.8290044069290161
173,0,1045.207012500067,950.2235717773438
173,1,1319.167,1014.288330078125
173,2,1390.958,1089.5606689453125
173,3,1107.344,1157.490234375
173,4,436.391,1229.482421875
173,5,343.661,1311.6929931640625
173,6,367.791,1397.7696533203125
173,7,364.584,1486.37841796875
173,8,452.00200000000007,1581.8206787109375
173,9,439.555,1684.1651611328125
173,10,428.947,1791.908203125
173,11,497.338,1906.020751953125
173,12,471.503,2027.767333984375
173,13,416.7252297154172,2157.08837890625
173,14,418.055,2294.185302734375
174,0,87.434,2226.45068359375
174,1,112.639,2425.9677734375
174,2,83.244,2528.983642578125
174,3,67.106,3741.345458984375
174,4,50.82436730219099,10473.3916015625
174,5,66.79865041605005,12703.9677734375
174,6,11.662000000000006,10929.095703125
174,7,33.932059086203324,23766.23828125
174,8,12.39400000000002,47874.8203125
174,9,13.501999999999995,64407.921875
174,10,13.587000000000003,62938.76953125
174,11,12.245999999999997,118597.7109375
174,12,14.284999999999997,239663.640625
174,13,11.542000000000002,342494.40625
174,14,13.840000000000018,329937.65625
175,0,-11.68,-429.79632568359375
175,1,-35.017,-970.87109375
175,2,-7.868,-1545.460205078125
175,3,10.339000000000006,-332.7090148925781
175,4,82.617,-876.6396484375
175,5,130.127,-1892.0982666015625
175,6,117.43399999999998,-3052.323486328125
175,7,101.954,-704.9614868164062
175,8,113.156,-1726.212646484375
175,9,119.73,-3733.1279296875
175,10,111.32699999999998,-5239.63427734375
175,11,119.528,-1279.7930908203125
175,12,107.042,-3116.43701171875
175,13,104.913,-6727.53857421875
175,14,108.654,-8540.9384765625
176,0,912.295,321.39874267578125
176,1,1284.15,396.4847412109375
176,2,1383.09,456.3079528808594
176,3,1117.683,475.70916748046875
176,4,519.009,383.5370788574219
176,5,473.789,395.46356201171875
176,6,485.225,397.76629638671875
176,7,466.539,379.964111328125
176,8,524.3790328871804,362.66925048828125
176,9,559.285,357.2745361328125
176,10,540.274,348.9447021484375
176,11,526.935974292546,337.73455810546875
176,12,578.545,327.9886779785156
176,13,503.415,320.06890869140625
176,14,526.71,311.63031005859375
177,0,102868.444,96334.3125
177,1,104624.71736709132,99093.9609375
177,2,113015.169,100660.1796875
177,3,105550.02,102471.3515625
177,4,109091.00539643544,103766.65625
177,5,105772.456,105842.875
177,6,100421.169,107584.359375
177,7,105023.1,109383.3671875
177,8,119714.997,111151.0546875
177,9,121489.887,113113.46875
177,10,114969.639,114999.8359375
177,11,114433.483,116927.9375
177,12,122089.80249266115,118889.9453125
177,13,122899.46,120916.328125
177,14,128101.301,122946.359375
178,0,779.511,3657.290283203125
178,1,878.045,4701.5859375
178,2,746.949,2809.857177734375
178,3,653.29,5685.783203125
178,4,722.1,17425.05078125
178,5,709.562,30960.10546875
178,6,718.45,10740.181640625
178,7,738.657,36739.34375
178,8,676.16,86800.1484375
178,9,761.405,179528.890625
178,10,690.127,58912.40625
178,11,494.967,205826.921875
178,12,483.634,478552.53125
178,13,525.8607486343178,1069914.125
178,14,486.166,339464.96875
179,0,-245.917,-255.01539611816406
179,1,-177.199,-37.3594856262207
179,2,-46.963,24.819988250732422
179,3,-37.994,115.57551574707031
179,4,-69.199,-84.14852905273438
179,5,-7.5699999999999985,-83.4994888305664
179,6,-167.648,-19.153047561645508
179,7,-159.83,53.774269104003906
179,8,183.886,8.395371437072754
179,9,-81.028,-144.7423095703125
179,10,-85.759,-35.84612274169922
179,11,59.79600000000001,13.438037872314453
179,12,200.58600000000004,16.151182174682617
179,13,200.074,-89.0155258178711
179,14,286.751,-25.010967254638672
180,0,102622.526,97678.953125
180,1,108433.045,100783.546875
180,2,112968.205,102634.8828125
180,3,105512.025,104935.4609375
180,4,113880.277,107047.1484375
180,5,105764.885,109649.5390625
180,6,100253.521,111924.703125
180,7,104863.27,114375.5859375
180,8,115585.8531541445,116858.5859375
180,9,121408.858,119478.390625
180,10,114883.88,122049.1640625
180,11,114493.279,124721.2265625
180,12,121525.8,127452.6953125
180,13,123099.535,130253.78125
180,14,128388.052,133089.375
181,0,55348.205,51143.68359375
181,1,55114.678,52801.46484375
181,2,54776.943,53774.9921875
181,3,54575.656798933625,54297.55859375
181,4,54473.474,54019.78125
181,5,54647.847,54939.5390625
181,6,51494.569,55499.8203125
181,7,51133.107,55878.34765625
181,8,54302.079,56267.1796875
181,9,54749.823,56888.984375
181,10,53989.657,57375.90625
181,11,56285.244,57839.5234375
181,12,55557.128,58345.8125
181,13,57722.178,58885.953125
181,14,60122.872,59390.203125
182,0,4974.895,1296.82421875
182,1,5225.127,2794.087890625
182,2,5375.548,5096.96240234375
182,3,3160.571,-985.1932983398438
182,4,5886.861,2279.533203125
182,5,5671.415,61.475894927978516
182,6,5306.706,-8685.4384765625
182,7,3753.748,-6610.3486328125
182,8,3506.921,-15478.0419921875
182,9,3889.064,-30741.09765625
182,10,3956.576,-85654.875
182,11,3226.033,-135082.5625
182,12,3253.468,-285669.84375
182,13,3255.25,-593619.4375
182,14,3545.0,-1208829.25
183,0,-2568.377,1461.718017578125
183,1,-2475.074102971901,4598.61669921875
183,2,-2320.858,3064.42919921875
183,3,-126.779,2655.649658203125
183,4,-2741.362,2030.3680419921875
183,5,-2829.456,2152.5419921875
183,6,-2506.4,1696.83251953125
183,7,-577.159,1473.082763671875
183,8,-176.3969999999999,1264.685546875
183,9,-466.578,1134.3450927734375
183,10,-674.909,959.5633544921875
183,11,231.1010000000001,835.8156127929688
183,12,-367.4617232605429,727.1945190429688
183,13,-54.75500000000011,636.6738891601562
183,14,58.92799999999989,552.6925048828125
184,0,51914.673770586305,-29.14356231689453
184,1,52508.278,333.6417541503906
184,2,52456.085,368.7606201171875
184,3,53070.898,341.3106994628906
184,4,51732.112,1.9029029607772827
184,5,51818.39,4.199375152587891
184,6,48988.169,1.1887413263320923
184,7,50555.947,1.3195124864578247
184,8,54125.682,0.2571621239185333
184,9,54283.245,0.2091405689716339
184,10,53314.747,0.1528598666191101
184,11,56516.346,0.133331760764122
184,12,55383.477,0.11465927213430405
184,13,57667.423,0.11190769076347351
184,14,60181.8,0.11011986434459686
185,0,856.092,1028.7896728515625
185,1,914.44,970.9749755859375
185,2,1410.986,1000.6326293945312
185,3,874.746,996.4714965820312
185,4,719.879,1035.885009765625
185,5,736.204,1026.884521484375
185,6,742.597,1045.8760986328125
185,7,738.067,1055.538330078125
185,8,748.933,1074.2923583984375
185,9,694.263,1080.7308349609375
185,10,819.127,1096.298828125
185,11,1559.535,1108.8607177734375
185,12,1336.746,1123.384033203125
185,13,1231.454,1135.0758056640625
185,14,1338.921,1149.7110595703125
186,0,100.06,192.08184814453125
186,1,100.68,214.9508514404297
186,2,120.138,292.6144714355469
186,3,121.854,334.7215270996094
186,4,121.777,448.70166015625
186,5,116.75854816316613,526.5332641601562
186,6,111.432,689.7193603515625
186,7,108.575,854.1536865234375
186,8,67.115,1070.4302978515625
186,9,67.079,1355.81103515625
186,10,60.449,1699.86767578125
186,11,60.606511863626366,2133.1484375
186,12,60.028,2683.552001953125
186,13,56.153,3368.664794921875
186,14,56.831,4228.69189453125
187,0,-52.701,-128.45242309570312
187,1,-46.909,-54.94040298461914
187,2,-63.739,-94.19490051269531
187,3,-55.319,-149.2428741455078
187,4,-72.954,-174.13232421875
187,5,-65.16623989820926,-79.22476959228516
187,6,-57.851,-133.89857482910156
187,7,-57.191,-244.43434143066406
187,8,-1.841000000000001,-228.70590209960938
187,9,-12.634999999999998,-123.80262756347656
187,10,-5.061,-186.81143188476562
187,11,-0.3719999999999999,-355.46234130859375
187,12,-3.164999999999999,-216.36700439453125
187,13,3.331000000000003,-169.6710968017578
187,14,1.6049999999999969,-312.1638488769531
188,0,803.39,872.8179321289062
188,1,867.53,895.5859985351562
188,2,1347.247,818.0067749023438
188,3,895.4728584285044,789.9342651367188
188,4,830.6019479897446,779.9940185546875
188,5,678.436,763.55712890625
188,6,781.2996601660847,703.429443359375
188,7,680.876,675.525390625
188,8,795.2819990532093,679.6580810546875
188,9,681.6279999999999,655.6690063476562
188,10,814.066,623.4638061523438
188,11,1559.162,587.381103515625
188,12,1333.581,586.8084716796875
188,13,1234.786,569.303466796875
188,14,1340.527,530.3029174804688
189,0,0.0,0.002730511361733079
189,1,0.0,0.002821015426889062
189,2,0.009,0.0029697963036596775
189,3,0.004,0.0025300015695393085
189,4,0.005,0.0026290977839380503
189,5,0.006,0.002610894851386547
189,6,0.009,0.002587558701634407
189,7,0.004,0.002555704675614834
189,8,0.01,0.0025537635665386915
189,9,0.014,0.0025454277638345957
189,10,0.007541912003944,0.0025386353954672813
189,11,0.0,0.0025336542166769505
189,12,0.0045978978856781,0.0025309512857347727
189,13,0.0018986838027935,0.00252848700620234
189,14,0.0,0.0025266706943511963
190,0,0.0,0.14046694338321686
190,1,0.0,0.11725582182407379
190,2,0.0,0.12575216591358185
190,3,0.0,0.10303223133087158
190,4,0.0,0.11351504921913147
190,5,0.0,0.10990188270807266
190,6,0.0,0.10872973501682281
190,7,0.0,0.10653505474328995
190,8,0.0,0.10678170621395111
190,9,0.0,0.1058255285024643
190,10,0.0,0.10522043704986572
190,11,0.0,0.10470913350582123
190,12,-0.0013977356961344,0.104410819709301
190,13,0.0,0.10406120866537094
190,14,0.0,0.10379675030708313
191,0,0.0,0.12530720233917236
191,1,0.0,0.10775522887706757
191,2,0.009,0.1196264997124672
191,3,0.0049083827284354,0.08925428241491318
191,4,0.0049999999999999,0.09881240874528885
191,5,0.0550309409226841,0.09539452940225601
191,6,0.009,0.0936993658542633
191,7,0.004,0.09033011645078659
191,8,0.01,0.09044583886861801
191,9,0.014,0.08935438096523285
191,10,0.002,0.08855591714382172
191,11,0.0,0.08788488060235977
191,12,0.0,0.08756206929683685
191,13,0.0,0.0871843472123146
191,14,0.0,0.08689940720796585
192,0,2.69548920399185,0.8994296789169312
192,1,2.782,0.9563835859298706
192,2,3.8690000000000007,1.0379445552825928
192,3,3.786,1.1235824823379517
192,4,4.266,0.8603450655937195
192,5,2.7011546500845967,0.8492015600204468
192,6,0.6889999999999998,0.8293887972831726
192,7,0.7070000000000001,0.7974026203155518
192,8,0.948,0.7512583136558533
192,9,1.386,0.7343435287475586
192,10,1.355,0.7172590494155884
192,11,2.306,0.7010838985443115
192,12,1.434,0.6873729228973389
192,13,2.157,0.6780865788459778
192,14,1.719,0.670019268989563
193,0,0.0369999999999999,0.017784081399440765
193,1,0.039,0.015366826206445694
193,2,0.0369999999999999,0.01282019354403019
193,3,0.0459999999999999,0.012770396657288074
193,4,0.0449999999999999,0.009915463626384735
193,5,0.363,0.008858352899551392
193,6,0.436,0.007994681596755981
193,7,0.45,0.0073388973250985146
193,8,0.715,0.0066772219724953175
193,9,0.622,0.0062539586797356606
193,10,0.9553114100184223,0.005916074384003878
193,11,1.184,0.005648103076964617
193,12,1.317,0.005433063954114914
193,13,1.585,0.005272299982607365
193,14,1.5580000000000005,0.0051458789967000484
194,0,-0.035,0.3359297513961792
194,1,-0.0379999999999999,0.3441525101661682
194,2,-0.0369999999999999,0.3499312400817871
194,3,-0.0459999999999999,0.34600645303726196
194,4,-0.0449999999999999,0.3291032016277313
194,5,-0.363,0.32546940445899963
194,6,-0.436,0.32122382521629333
194,7,-0.339,0.31558242440223694
194,8,-0.598,0.3095020651817322
194,9,-0.737477681375251,0.30490145087242126
194,10,-1.088,0.30018430948257446
194,11,-1.1541748819825588,0.2954998016357422
194,12,-1.1800000000000002,0.29101821780204773
194,13,-1.448,0.2868211269378662
194,14,-1.414,0.2827451825141907
195,0,2.712,1.5333937406539917
195,1,3.1134300591098736,1.6442457437515259
195,2,3.832,1.7124652862548828
195,3,3.74,1.8573328256607056
195,4,4.221,1.6351045370101929
195,5,0.417,1.6440668106079102
195,6,0.252,1.6428346633911133
195,7,0.3679999999999999,1.6315218210220337
195,8,0.3500000000000001,1.5960181951522827
195,9,0.89,1.5885411500930786
195,10,0.266,1.579337477684021
195,11,1.257,1.5690244436264038
195,12,0.254,1.558874249458313
195,13,0.7079999999999999,1.552654504776001
195,14,0.3049999999999999,1.5467759370803833
196,0,0.284,1.061093807220459
196,1,0.0689999999999999,1.688334584236145
196,2,0.28,1.9440865516662598
196,3,0.2869999999999999,2.1631579399108887
196,4,0.477,0.5556185245513916
196,5,0.0709999999999999,0.5904278755187988
196,6,0.062,0.5625512599945068
196,7,0.396,0.5058436989784241
196,8,1.465672242255283,0.4120583236217499
196,9,0.2229999999999999,0.40814918279647827
196,10,0.1060000000000001,0.4055647850036621
196,11,0.618,0.40514346957206726
196,12,0.0829999999999999,0.4051871597766876
196,13,0.086,0.4051746428012848
196,14,0.431,0.40517720580101013
197,0,0.0,0.0
197,1,0.063,0.0
197,2,0.0,0.0
197,3,0.0,0.0
197,4,0.0,0.0
197,5,0.0,0.0
197,6,0.0,0.0
197,7,0.0,0.0
197,8,0.0,0.0
197,9,0.0,0.0
197,10,0.0,0.0
197,11,0.0,0.0
197,12,0.0,0.0
197,13,0.0,0.0
197,14,0.0,0.0
198,0,0.0,0.000703505938872695
198,1,0.12,0.000835576094686985
198,2,0.0,0.0009574906434863806
198,3,0.0,0.0010698644910007715
198,4,0.0,0.0011733053252100945
198,5,0.0,0.0012303725816309452
198,6,0.0,0.0012757827062159777
198,7,0.0,0.0013109908904880285
198,8,0.0,0.0013373151887208223
198,9,0.0,0.0013559451326727867
198,10,7.901091126152894e-08,0.001370008336380124
198,11,0.0,0.0013804954942315817
198,12,0.0,0.0013882436323910952
198,13,0.0,0.0013939510099589825
198,14,0.0,0.0013981962110847235
199,0,0.284,3.7885427474975586
199,1,0.1899999999999999,4.719540119171143
199,2,0.28,6.2421369552612305
199,3,0.2869999999999999,8.707533836364746
199,4,0.477,7.106001853942871
199,5,0.1189635503185866,8.17109489440918
199,6,0.062,9.590892791748047
199,7,0.396,11.161524772644043
199,8,0.098,12.136229515075684
199,9,0.2229999999999999,13.853984832763672
199,10,0.1060000000000001,15.819519996643066
199,11,0.618,17.930017471313477
199,12,0.082,19.974180221557617
199,13,0.086,21.8317928314209
199,14,0.431,23.188892364501953
